序号,歌名,歌名翻译,原唱,日期,备注,语言,次数,歌切
1,南风过隙,,慕九杉,2025/03/01，2025/04/01，2025/04/17，2025/04/29，2025/05/30，2025/08/02，2025/08/21，2025/09/18，2025/09/19，2025/09/28，2025/10/16，2025/11/14，2025/12/12，2026/1/23,,华语,14,BV1Z1u9z9E4q
2,Love 2000,,遠野ひかる,2025/03/01，2025/03/15，2025/04/01，2025/04/15，2025/04/26，2025/05/09，2025/05/30，2025/06/08，2025/07/05，2025/07/11，2025/08/13，2025/09/17，2025/09/02，2025/09/07，2025/09/19，2025/10/01，2025/10/09，2025/10/16，2025/10/24，2025/10/30，2025/11/9，2025/11/14，2025/12/24，2025/12/26，2026/1/16，2026/1/24，2026/1/28，2026/1/30,,日语,28,BV1mm7KzxEGj，BV12yM2z7EfT
3,POP/STARS,,K/DA/Madison Beer/曺薇娟 (미연)/Jaira Burns,2025/03/02，2025/03/29，2025/05/06，2025/05/30，2025/06/28，2025/09/04，2025/09/18，2025/11/7，2026/1/14，2026/1/24,,英语,10,BV1V7KUzoE22
4,Die For You,为你而战,无畏契约/Grabbitz,2025/03/02，2025/03/25，2025/03/28，2025/04/17，2025/05/03，2025/05/09，2025/05/16，2025/05/30，2025/06/14，2025/06/19，2025/07/05，2025/07/18，2025/08/21，2025/08/25，2025/09/05，2025/09/22，2025/09/26，2026/1/19，2026/1/21,,英语,19,BV1EVGdzNEe7
5,凑热闹,,BY2,2025/03/02，2025/03/29，2025/04/11，2025/04/17，2025/04/26，2025/05/04，2025/05/09，2025/05/17，2025/05/24，2025/06/02，2025/06/20，2025/06/27，2025/07/11，2025/07/21，2025/07/26，2025/08/08，2025/08/29，2025/09/02，2025/10/03，2025/10/09，2025/10/22，2025/11/9，2025/12/11，2026/1/15,,华语,24,BV1a67QzZENo
6,Ditto,,NewJeans,2025/03/02，2025/03/14，2025/03/28，2025/04/17，2025/04/25，2025/05/12，2025/05/12，2025/05/18，2025/05/29，2025/06/02，2025/06/05，2025/06/12，2025/06/27，2025/07/10，2025/08/04，2025/08/08，2025/08/21，2025/08/28，2025/09/10，2025/09/22，2025/09/30，2025/10/12，2025/11/17，2025/12/2，2025/12/31，2026/2/2,,韩语,26,BV1df7RzGEDY
7,丸ノ内サディスティック,丸之内虐待狂,椎名林檎,2025/03/03，2025/03/21，2025/04/17，2025/04/21，2025/05/12，2025/05/26，2025/05/30，2025/06/26，2025/07/07，2025/07/13，2025/07/26，2025/08/12，2025/08/22，2025/09/19，2025/10/03，2025/10/28，2025/11/9，2025/11/19，2025/12/16，2026/1/16，2026/1/28,,日语,21,BV1UDXCYGEWL
8,爱要坦荡荡,,萧萧,2025/03/03，2025/04/20，2025/06/16，2025/06/27，2025/07/31，2025/10/05，2025/11/7，2025/12/4，2026/1/28,,华语,9,BV1pbEuzFEaX
9,水星记,,郭顶,2025/03/03，2025/04/04，2025/04/14，2025/04/20，2025/04/24，2025/05/09，2025/05/18，2025/05/29，2025/06/06，2025/08/01，2025/09/21，2025/10/10，2025/11/28，2025/12/30,,华语,14,BV1hHTuzyEge
10,囚鸟,,G.E.M. 邓紫棋,2025/03/03，2025/04/17，2025/06/02，2025/07/07，2025/07/14，2025/08/07，2025/09/04，2025/09/29，2025/11/7，2025/12/5,,华语,10,BV11D7SzVE7W
11,HAVE A NICE DAY,,魏如萱,2025/03/03，2025/03/25，2025/04/03，2025/04/07，2025/04/18，2025/04/24，2025/05/04，2025/05/12，2025/05/16，2025/05/19，2025/05/30，2025/06/02，2025/06/09，2025/06/13，2025/07/05，2025/07/14，2025/07/21，2025/07/28，2025/08/29，2025/09/04，2025/09/07，2025/10/05，2025/10/10，2025/10/22，2025/11/10，2025/12/7，2025/12/31，2026/1/14，2026/1/19,,华语,29,BV192j6zcEWE，BV1Sr7SzJEij
12,カタオモイ,单相思,Aimer,2025/03/04，2025/03/12，2025/03/17，2025/03/28，2025/04/07，2025/04/19，2025/04/26，2025/05/06，2025/05/16，2025/05/22，2025/05/30，2025/06/21，2025/07/06，2025/08/22，2025/09/06，2025/09/21，2025/10/23，2025/11/10，2025/11/13，2025/12/4，2026/1/24，2026/1/24,,日语,22,BV1XuN1zkEcp，BV14GQxYHEoV
13,苏州河,,薛凯琪,2025/03/04，2025/03/19，2025/04/14，2025/04/22，2025/05/01，2025/05/13，2025/05/19，2025/05/27，2025/06/03，2025/06/12，2025/06/19，2025/06/27，2025/07/08，2025/07/14，2025/07/18，2025/07/20，2025/08/02，2025/08/08，2025/08/12，2025/09/02，2025/09/18，2025/10/01，2025/10/03，2025/10/11，2025/10/24，2025/11/13，2025/11/14，2025/11/28，2025/12/7，2025/12/17，2026/1/19，2026/1/29,,华语,32,BV1BvqVB4EFv
14,下雨天,,南拳妈妈,2025/03/04，2025/04/04，2025/04/18，2025/05/25，2025/05/26，2025/06/06，2025/06/13，2025/09/04，2025/09/17，2025/10/09，2025/10/28，2026/1/10，2026/1/24,,华语,13,BV1FSjUzwEfm
15,Way Back Home,,SHAUN,2025/03/04，2025/04/03，2025/04/17，2025/05/22，2025/06/03，2025/07/24，2025/08/12，2025/09/03，2025/10/10，2025/11/9，2025/11/10,,韩语,11,BV1to7YzNEdz
16,一格格,,卫兰,2025/03/04，2025/04/02，2025/04/17，2025/04/29，2025/05/12，2025/05/27，2025/06/10，2025/07/05，2025/08/10，2025/08/28，2025/09/05，2025/09/18，2025/11/12，2025/11/28，2026/1/9,,粤语,15,BV13mfTYcEWn
17,免我蹉跎苦,,黄龄,2025/03/04，2025/05/18，2025/07/26，2025/10/24,,华语,4,BV1huJVzpEL6
18,小情歌,,苏打绿,2025/03/04，2025/04/29，2025/05/20，2025/07/13，2025/07/25，2025/07/31，2025/10/09，2025/12/2，2026/1/9,,华语,9,BV1Ap9JYMECR
19,爱如潮水,,张信哲,2025/03/04，2025/04/18，2025/05/23，2025/07/24，2025/08/28，2025/09/05,,华语,6,BV1Ur57zEEs2
20,虚拟,,陈粒,2025/03/04，2025/04/14，2025/04/24，2025/05/19，2025/08/21，2025/09/06，2025/09/17，2025/09/26，2025/10/01，2025/11/9，2025/12/16,,华语,11,BV1oco7YsEGk
21,当你,,王心凌,2025/03/04，2025/05/09，2025/05/29，2025/06/28，2025/08/08，2025/08/21，2025/09/15，2025/10/24，2025/12/17，2026/1/15,,华语,10,BV1MR5GzNEck
22,孤雏,,AGA,2025/03/04，2025/05/01，2025/05/08，2025/05/26，2025/06/05，2025/06/23，2025/06/26，2025/07/03，2025/07/20，2025/07/26，2025/08/03，2025/08/12，2025/08/30，2025/09/21，2025/09/29，2025/11/9，2025/11/12，2025/11/27，2025/12/4，2025/12/28，2026/1/22，2026/2/2,,粤语,22,BV1jHT4zBEBW
23,世界上的另一个我,,阿肆/郭采洁,2025/03/04，2025/04/14，2025/05/09，2025/06/13，2025/06/19，2025/06/27，2025/07/10，2025/09/10，2025/09/19，2025/11/14，2025/12/31,,华语,11,BV1r4oLYfEjE
24,永不失联的爱,,单依纯,2025/03/04，2025/03/30，2025/05/01，2025/05/26，2025/06/17，2025/08/03，2025/09/26，2025/10/26，2026/1/3,,华语,9,BV1ssE8zWEaZ
25,蝴蝶,,陶喆,2025/03/04，2025/04/07，2025/05/29，2025/06/06，2025/06/19，2025/06/26，2025/07/10，2025/07/11，2025/07/14，2025/08/02，2025/09/03，2025/09/26，2025/10/03，2025/11/9，2025/11/24，2025/11/26，2026/1/5，2026/1/30,,华语,18,BV11K7LzLErv
26,Fly Me to the Moon,,Olivia Ong,2025/03/04，2025/03/14，2025/04/15，2025/05/03，2025/05/19，2025/07/18，2025/07/28，2025/08/28，2025/09/22，2025/10/19，2025/10/26，2025/11/9，2025/12/30,,英语,13,BV1cG9pYkE8m
27,夏天的风,,温岚,2025/03/04，2025/03/13，2025/04/03，2025/05/12，2025/05/19，2025/05/23，2025/05/25，2025/06/12，2025/07/15，2025/07/20，2025/07/23，2025/08/02，2025/08/10，2025/08/29，2025/09/17，2025/09/19，2025/09/27，2025/10/22，2025/11/9，2025/11/21，2026/1/15，2026/1/24,,华语,22,BV1W4jbzLEbu
28,雨樱花,,F.I.R.飞儿乐团,2025/03/04，2025/04/13，2025/05/06，2025/05/15，2025/05/25，2025/06/06，2025/06/23，2025/07/15，2025/07/26，2025/09/15，2025/09/24，2025/10/03，2025/11/26，2025/12/26，2026/1/10,,华语,15,BV13HjGzyEv6
29,雨爱,,杨丞琳,2025/03/04，2025/03/25，2025/04/29，2025/05/13，2025/05/22，2025/05/26，2025/05/30，2025/06/08，2025/06/13，2025/06/20，2025/07/05，2025/07/14，2025/07/20，2025/08/01，2025/08/30，2025/09/12，2025/09/17，2025/09/02，2025/09/22，2025/09/24，2025/10/03，2025/10/12，2025/11/14，2025/11/21，2025/11/28，2025/12/17，2026/1/10，2026/1/22,,华语,28,BV1kG7szAEYF，BV1dcjSzXEAu
30,呼吸决定,,Fine乐团,2025/03/04，2025/03/30，2025/04/14，2025/04/25，2025/06/05，2025/06/13，2025/06/26，2025/07/13，2025/07/24，2025/08/12，2025/08/28，2025/09/26，2025/10/07，2025/10/11，2025/11/28，2025/12/12，2026/1/5，2026/1/22,,华语,18,BV1wUojYeEon
31,爱爱爱,,方大同,2025/03/04，2025/03/14，2025/04/17，2025/05/06，2025/05/25，2025/05/25，2025/05/31，2025/09/03，2025/11/7，2025/12/24，2026/1/1，2026/1/16,,华语,12,BV1LCQrYjECx
32,Radioactive,,Imagine Dragons,2025/03/04，2025/04/22，2025/05/18，2025/09/04，2025/09/10，2025/11/28,,英语,6,BV1veNXzBEHt
33,盛夏光年,,五月天,2025/03/04，2025/04/05，2025/09/27,,华语,3,BV19D9HYdEgW
34,快乐星猫,,牛奶咖啡,2025/03/04，2025/05/25，2026/1/29,,华语,3,BV1jn6cBFEN1
35,嘉宾,,张远,2025/03/04，2025/03/21，2025/04/05，2025/04/14，2025/04/24，2025/05/20，2025/06/05，2025/06/17，2025/06/23，2025/06/26，2025/08/12，2025/08/21，2025/09/14，2025/09/24，2025/10/16，2025/10/24，2025/12/17,,华语,17,
36,钟无艳,,谢安琪,2025/03/04，2025/04/18，2025/04/28，2025/08/22，2025/09/17，2025/10/30，2025/11/9，2025/11/14，2025/11/26，2026/1/25,,粤语,10,BV1ijyvBeEFW
37,飞鸟和蝉,,任然,2025/03/04，2025/04/24，2025/05/25，2025/06/19，2025/06/20,,华语,5,
38,Young And Beautiful,,Lana Del Rey,2025/03/04，2025/04/18，2025/05/03，2025/05/08，2025/06/05，2025/06/19，2025/07/15，2025/09/08，2025/10/07，2025/10/17，2025/10/23，2025/12/24,,英语,12,
39,千千阕歌,,陈慧娴,2025/03/04，2025/05/18，2025/07/26，2025/08/12,,粤语,4,
40,如果可以,,韦礼安,2025/03/04，2025/03/17，2025/03/21，2025/04/04，2025/04/14，2025/04/19，2025/04/25，2025/05/08，2025/05/09，2025/05/19，2025/05/27，2025/05/29，2025/06/08，2025/06/09，2025/07/11，2025/07/14，2025/08/04，2025/08/08，2025/08/12，2025/09/18，2025/10/03，2025/10/10，2025/10/23，2025/11/13，2025/11/28，2025/12/13，2025/12/28，2026/1/9，2026/1/28,,华语,29,BV1rXkLBnEfb
41,LADY,,米津玄師,2025/03/06，2025/03/20，2025/04/02，2025/04/10，2025/04/19，2025/04/27，2025/05/13，2025/05/15，2025/05/18，2025/05/26，2025/06/06，2025/06/12，2025/06/21，2025/07/05，2025/07/10，2025/07/13，2025/07/27，2025/08/29，2025/09/13，2025/09/19，2025/09/28，2025/10/23，2025/10/28，2025/12/23，2026/1/14,,日语,25,
42,不眠之夜,,张杰/HOYO-MiX,2025/03/06，2025/03/21，2025/04/19，2025/05/11，2025/06/03，2026/1/19，2026/1/25,,华语,7,BV1ExkMBdEAo
43,在银河中孤独摇摆,,知更鸟/HOYO-MiX/Chevy,2025/03/06，2025/04/03，2025/04/14，2025/05/05，2025/05/15，2025/05/29，2025/06/20，2025/06/27，2025/08/07，2025/08/24，2025/09/17，2025/10/16，2025/11/10，2025/12/9，2025/12/17，2026/1/21,,英语,16,
44,Legends Never Die,传奇永不熄,英雄联盟/Against the Current,2025/03/06，2025/03/19，2025/04/11，2025/05/03，2025/07/10，2025/09/05，2025/09/18，2025/10/01，2025/11/7，2025/11/9，2025/12/2，2026/1/21,,英语,12,BV1n7SbBMEKD
45,TICKING AWAY (VCT ANTHEM 2023),流光似箭,Grabbitz/无畏契约/bbno$,2025/03/06，2025/03/28，2025/04/19，2025/04/24，2025/05/03，2025/05/15，2025/05/16，2025/05/22，2025/05/30，2025/06/14，2025/06/19，2025/06/26，2025/07/18，2025/08/04，2025/09/10，2025/09/18，2025/10/03,,英语,17,BV1MYGdzHEtD
46,无敌帅,,BY2,2025/03/06，2025/04/17，2025/05/18，2025/05/30，2025/06/06，2025/06/21，2025/06/27，2025/07/24，2025/08/24，2025/09/10，2025/09/30，2025/10/23，2025/11/10，2026/1/15,,华语,14,
47,甜甜的,,周杰伦,2025/03/06，2025/04/06，2025/04/13，2025/04/22，2025/05/08，2025/05/09，2025/05/30，2025/06/08，2025/08/04，2025/09/18，2025/10/12，2025/11/21，2026/1/24,,华语,13,BV1vazyB2Emo
48,폰서트,Phonecert,10CM,2025/03/06，2025/04/13，2025/05/01，2025/06/15，2025/07/24，2025/08/30，2025/09/05，2025/10/09，2025/11/3，2025/12/12，2026/2/4,,韩语,11,BV1wtmoB7ERp
49,阿拉斯加海湾,,蓝心羽,2025/03/07，2025/04/04，2025/04/19，2025/06/02，2025/06/17，2025/06/23，2025/07/20，2025/09/24，2025/10/09,,华语,9,
50,How Sweet,,NewJeans,2025/03/07，2025/03/27，2025/04/07，2025/04/12，2025/04/22，2025/04/26，2025/05/05，2025/05/19，2025/06/03，2025/06/09，2025/07/18，2025/07/22，2025/09/10，2025/09/19，2025/10/16，2025/12/24,,英语,16,
51,Cheer Up,,TWICE,2025/03/07,,韩语,1,
52,红豆,,王菲,2025/03/07，2025/05/25,,华语,2,
53,半岛铁盒,,周杰伦,2025/03/07，2025/03/28，2025/05/04，2025/05/18，2025/06/09，2025/08/04，2025/08/16，2025/09/18，2025/10/17，2025/11/21，2025/11/28,,华语,11,
54,多远都要在一起,,G.E.M. 邓紫棋,2025/03/07，2025/04/20，2025/04/25，2025/05/18，2025/05/26，2025/06/02，2025/06/27，2025/07/07，2025/08/03，2025/09/14，2025/09/17，2025/10/03，2025/10/07，2025/12/7，2025/12/16，2025/12/28，2026/1/10，2026/1/15,,华语,18,BV1zmEmzhE1a
55,We Don't Talk Anymore,,Charlie Puth,2025/03/07，2025/04/02，2025/05/09，2025/05/29，2025/05/31，2025/10/01，2025/10/31,,英语,7,
56,City of Stars,,Ryan Gosling/Emma Stone,2025/03/07，2025/04/06，2025/04/11，2025/04/18，2025/05/08，2025/05/25，2025/06/12，2025/07/03，2025/07/09，2025/07/29，2025/08/23，2025/09/13，2025/09/22，2025/09/26，2025/09/30，2025/10/23，2025/10/31，2025/11/7，2025/11/19，2025/11/26，2025/12/30，2026/1/28,,英语,22,BV1N8UvB8ExW
57,First Love,,宇多田光,2025/03/07，2025/03/28，2025/04/24，2025/04/27，2025/05/01，2025/05/23，2025/05/25，2025/06/23，2025/07/03，2025/07/20，2025/07/27，2025/08/19，2025/09/06，2025/09/21，2025/10/17，2025/10/19，2025/11/10，2025/11/18，2025/11/24，2025/12/23，2026/1/9，2026/1/22,,日语,22,BV1BWGzzWEEP
58,Superpower,,Kiss of Life/Mark Tuan,2025/03/07，2025/03/28，2025/08/04,,英语,3,
59,ドライフラワー,干花,優里,2025/03/07，2025/03/17，2025/03/28，2025/03/29，2025/04/13，2025/04/15，2025/04/18，2025/04/28，2025/05/22，2025/06/02，2025/06/03，2025/06/10，2025/06/12，2025/06/20，2025/06/20，2025/06/27，2025/07/05，2025/07/09，2025/07/13，2025/08/04，2025/08/08，2025/08/12，2025/08/24，2025/09/06，2025/10/07，2025/10/24，2025/11/24，2025/12/4，2025/12/24，2026/1/15,,日语,30,BV19DUYBTErV
60,Letting Go,,蔡健雅,2025/03/07，2025/04/04，2025/04/12，2025/04/18，2025/04/24，2025/06/17，2025/06/19，2025/07/11，2025/07/18，2025/08/28，2025/09/05，2025/09/08，2025/09/27，2025/10/03，2025/12/11，2025/12/30，2026/1/21，2026/1/25,,华语,18,BV1ZEigB2ED4
61,住在天狼星的那个人,,黄美婷,2025/03/07，2025/03/21，2025/04/04，2025/04/18，2025/04/29，2025/05/08，2025/05/22，2025/05/25，2025/06/06，2025/06/08，2025/06/13，2025/06/13，2025/06/26，2025/07/03，2025/07/05，2025/07/11，2025/07/14，2025/07/26，2025/08/02，2025/08/12，2025/08/21，2025/09/17，2025/11/9，2025/12/4，2025/12/16，2025/12/31，2026/1/9，2026/1/15，2026/1/21，2026/1/23，2026/1/29，2026/2/2,,华语,32,BV1TzrrBAEpz
62,우주를 줄게,Galaxy/给你宇宙,脸红的思春期,2025/03/07，2025/04/14，2025/05/05，2025/05/19，2025/05/23，2025/06/13，2025/06/27，2025/07/15，2025/08/16，2025/09/11，2025/12/2，2025/12/26,,韩语,12,
63,One Last Kiss,,宇多田光,2025/03/07，2025/04/11，2025/04/29，2025/08/01，2025/10/26,,日语,5,
64,带我走,,杨丞琳,2025/03/07，2025/05/01，2025/05/09，2025/05/26，2025/06/17，2025/06/20，2025/07/13，2025/09/12，2025/09/26，2025/10/11，2026/1/12，2026/1/30,,华语,12,BV1MQKPzdEA5
65,Ring Ring Ring,,S.H.E,2025/03/08，2025/04/06，2025/05/15，2025/05/26，2025/07/22，2025/09/17，2025/12/30,,华语,7,
66,在树上唱歌,,郭静,2025/03/09，2025/03/21，2025/04/11，2025/04/15，2025/04/29，2025/05/08，2025/05/16，2025/05/22，2025/05/30，2025/06/06，2025/06/13，2025/06/30，2025/07/21，2025/09/19，2025/11/14，2025/11/22,,华语,16,
67,给你一瓶魔法药水,,告五人,2025/03/09，2025/03/24，2025/04/06，2025/04/21，2025/04/28，2025/05/08，2025/05/20，2025/06/08，2025/07/08，2025/07/28，2025/09/24，2025/09/30，2025/11/18，2025/12/24，2026/2/2,,华语,15,BV1Qky3BbEbV
68,99次我爱他,,元若蓝,2025/03/09，2025/04/04，2025/04/11，2025/05/20，2025/06/16，2025/06/24，2025/08/29，2025/09/12，2025/10/12，2026/1/9,,华语,10,
69,ギターと孤独と蒼い惑星,吉他与孤独与蓝色星球,結束バンド,2025/03/09，2025/04/06，2025/05/08，2025/05/24，2025/06/06，2025/07/05，2025/07/24，2025/08/04，2025/09/08，2025/09/19，2025/10/16，2025/10/28，2025/11/13，2025/12/16，2025/12/30,,日语,15,
70,Departures 〜あなたにおくるアイの歌〜,,EGOIST,2025/03/09，2025/03/14，2025/04/07，2025/04/15，2025/04/27，2025/05/12，2025/05/27，2025/06/05，2025/06/08，2025/07/20，2025/08/01，2025/09/21，2025/09/28，2025/10/07，2025/10/18，2025/10/24，2025/11/10，2025/12/1，2026/1/16，2026/2/2,,日语,20,BV1bVqVBkEJz
71,小镇姑娘,,陶喆,2025/03/09，2025/04/01，2025/04/12，2025/04/28，2025/04/29，2025/05/09，2025/08/13，2025/08/24，2025/10/07，2025/11/12,,华语,10,
72,乌梅子酱,,李荣浩,2025/03/09，2025/03/30，2025/04/10，2025/04/20，2025/05/04，2025/05/13，2025/05/22，2025/06/05，2025/06/07，2025/08/29，2025/09/07，2025/09/11，2025/10/10，2025/11/9，2026/1/1,,华语,15,
73,情人,,G.E.M. 邓紫棋,2025/03/09，2025/05/12，2025/06/12，2025/07/21，2025/12/11，2026/1/15,,粤语,6,
74,Safe & Sound,,Taylor Swift/The Civil Wars,2025/03/09，2025/04/04，2025/04/28，2025/07/08，2025/07/21，2025/08/18,,英语,3,
75,Color Your Night,,Atlus Sound Team,2025/03/10，2025/03/14，2025/05/09，2025/06/03，2025/07/18，2025/07/22，2025/08/28，2025/09/30，2025/11/27,,英语,9,
76,歌舞伎町の女王,歌舞伎町的女王,椎名林檎,2025/03/10，2025/06/05，2025/07/05，2025/08/22,,日语,4,
77,I'm Yours,,Jason Mraz,2025/03/10，2025/05/05，2025/05/13，2025/05/24，2025/08/12，2025/08/30，2025/11/26,,英语,7,
78,Set Fire to the Rain,,Adele,2025/03/12，2025/05/03，2025/06/19，2026/1/19,,英语,4,
79,慢冷,,梁静茹,2025/03/12，2025/04/29，2025/06/02，2025/09/21，2025/10/07，2025/10/28，2025/12/13，2026/1/1,,华语,8,
80,Shape of you,,Ed Sheeran,2025/03/12，2025/04/04，2025/05/03，2025/06/15，2025/07/28，2025/09/04，2025/10/22,,英语,7,
81,You (=I),,脸红的思春期,2025/03/12，2025/04/11，2025/05/04，2025/05/18，2025/06/06，2025/06/27，2025/07/15，2025/08/16，2025/09/11，2025/09/18，2025/10/05，2025/12/2,,韩语,12,
82,Counting Stars,,OneRepublic,2025/03/12，2025/03/21，2025/04/04，2025/05/03，2025/06/21，2025/09/30，2025/10/22,,英语,7,
83,GODS,登神,NewJeans,2025/03/12，2025/04/04，2025/04/19，2025/04/26，2025/06/03，2025/06/19，2025/06/26，2025/07/10，2025/07/17，2025/07/31，2025/08/24，2025/08/30，2025/09/13，2025/09/18，2025/09/19，2025/09/22，2025/09/27，2025/10/01，2025/10/24，2025/10/31，2025/11/7，2025/11/9，2025/12/4，2026/1/9，2026/1/19，2026/1/21，2026/1/25,,英语,27,BV1nvkjBQEGm
84,秒針を噛む,咬碎秒针,ずっと真夜中でいいのに。,2025/03/12，2025/04/07，2025/04/18，2025/05/10，2025/05/15，2025/05/29，2025/06/03，2025/06/16，2025/07/08，2025/07/08，2025/08/01，2025/09/04，2025/09/28，2025/10/25，2025/10/28，2025/11/3，2025/12/2，2025/12/4，2025/12/12，2026/1/5，2026/1/14,,日语,21,BV1L2StBbEWk
85,주세요,Give Me Your,(G)I-DLE,2025/03/12，2025/04/13，2025/05/01，2025/05/06，2025/05/24，2025/06/09，2025/06/24，2025/07/08，2025/08/19，2025/08/16，2025/09/08，2025/10/07，2025/10/28，2025/11/18，2025/12/11，2026/1/14，2026/2/4,,韩语,17,BV1EpmjBbEte
86,我们的歌,,王力宏,2025/03/13，2025/04/11，2025/04/26，2025/04/29，2025/05/18，2025/06/02，2025/06/27，2025/07/05，2025/07/15，2025/08/02，2025/09/10,,华语,11,
87,我的未来式,,郭采洁,2025/03/13，2025/04/03，2025/05/26，2025/06/01，2025/06/06，2025/09/08，2025/09/12,,华语,7,
88,处处吻,,杨千嬅,2025/03/13，2025/04/12，2025/05/19，2025/05/25，2025/07/05，2025/08/12，2025/09/03，2025/09/10，2025/11/14，2025/12/31,,粤语,10,
89,Call Me Maybe,,Carly Rae Jepsen,2025/03/13，2025/05/10，2025/05/24，2025/06/20，2025/07/13，2025/08/23，2025/09/05，2025/09/18，2025/09/30，2025/11/27,,英语,10,
90,好好爱^0^,,BY2,2025/03/13，2025/03/30，2025/04/17，2025/04/21，2025/05/05，2025/05/13，2025/05/20，2025/06/06，2025/06/20，2025/06/27，2025/07/05，2025/07/31，2025/08/24，2025/08/29，2025/09/20，2025/09/30，2025/10/22，2025/11/26，2026/1/15,,华语,19,BV1DUQNYKE5T
91,好想你,,朱主爱,2025/03/13，2025/04/21，2025/05/15，2025/07/28，2025/09/10，2026/1/14,,华语,6,
92,你是我的猫,,十个小张,2025/03/13，2025/04/17，2025/05/04，2025/05/13，2025/07/22，2025/09/05，2025/09/28,,英语,7,
93,日不落,,蔡依林,2025/03/13，2025/03/28，2025/04/11，2025/04/25，2025/05/15，2025/05/29，2025/06/20，2025/07/13，2025/09/19，2025/10/05，2025/10/23，2025/11/9，2026/1/23,,华语,13,
94,Cupid,,FIFTY FIFTY,2025/03/13，2025/04/13，2025/04/19，2025/05/06，2025/06/03，2025/08/28，2025/09/17，2025/10/10，2025/11/17，2025/11/22，2025/12/24，2026/1/15，2026/1/29,,韩语,13,BV1iRhUzZECK
95,Animals,,Maroon 5,2025/03/13，2025/03/28,,英语,2,
96,我的秘密,,G.E.M. 邓紫棋,2025/03/13，2025/03/14，2025/03/29，2025/04/19，2025/04/26，2025/05/09，2025/05/19，2025/05/22，2025/05/25，2025/07/03，2025/07/05，2025/07/28，2025/08/04，2025/08/21，2025/09/30，2025/11/14，2025/11/17,,华语,17,
97,Daisy,,Aimer,2025/03/13，2025/05/12，2025/05/22，2025/06/16，2025/06/30，2025/08/01，2025/08/16，2025/09/19，2025/10/05，2025/11/18，2025/12/23，2026/1/9,,日语,12,
98,绿光,,孙燕姿,2025/03/14，2025/05/19，2025/05/20，2025/07/26，2025/08/16，2025/12/11,,华语,6,
99,彩虹的微笑,,王心凌,2025/03/14，2025/05/15，2025/06/06，2025/07/31，2025/09/12,,华语,5,
100,心愿便利贴,,元若蓝/大Q秉洛,2025/03/14，2025/03/28，2025/05/15，2025/06/07，2025/07/18，2025/09/12，2025/11/9，2025/11/22,,华语,8,
101,Blank Space,,Taylor Swift,2025/03/14，2025/03/14，2025/04/14，2025/05/26，2025/06/02，2025/06/12，2025/06/23，2025/07/06，2025/07/10，2025/07/25，2025/08/23，2025/09/20，2025/11/9,,英语,13,
102,Love Love Love,,蔡依林,2025/03/14，2025/04/02，2025/05/12，2025/05/23，2025/06/26，2025/07/08，2025/07/31，2025/08/22，2025/09/02，2025/09/15，2025/10/10，2025/11/3，2026/2/2,,华语,13,BV1KaauzNE4s
103,带我离开,,BY2,2025/03/14，2025/03/20，2025/04/07，2025/05/06，2025/05/18，2025/05/30，2025/06/16，2025/06/27，2025/08/13，2025/08/24，2025/09/18，2025/09/19,,华语,12,
104,我爱他,,丁当,2025/03/14，2025/04/17，2025/04/25，2025/06/23，2025/08/30，2025/09/12，2025/09/15，2025/11/19,,华语,8,
105,Isahini,,LÜCY,2025/03/14，2025/04/14，2025/05/06，2025/05/30，2025/07/22，2025/08/26，2025/09/03，2025/10/10，2025/11/13，2025/12/19，2026/1/12,,英语,11,
106,我用什么把你留住,,福禄寿FloruitShow,2025/03/14，2025/03/25，2025/06/26，2025/07/05，2025/09/05,,华语,5,
107,Love Song,,方大同,2025/03/14，2025/10/11，2025/11/14,,华语,3,
108,One More Last Time,,Henry Young/Ashley Alisha,2025/03/14，2025/05/15，2025/06/30，2025/08/13，2025/10/25,,韩语,5,
109,그대라는 시,名为你的诗,太妍,2025/03/14，2025/05/19，2025/07/21，2025/10/20,,韩语,4,
110,悪魔の子,恶魔之子,ヒグチアイ,2025/03/14，2025/06/06，2025/06/27，2025/08/01，2025/11/9，2025/11/14,,日语,6,
111,凄美地,,郭顶,2025/03/14，2025/04/11，2025/04/25，2025/06/05，2025/06/15，2025/07/07，2025/09/11，2025/10/10，2025/11/14，2025/12/9,,华语,10,BV1bZvxBGEiJ
112,暖暖,,梁静茹,2025/03/14，2025/05/20，2025/07/23，2025/11/28，2025/12/9,,华语,5,
113,下一个天亮,,郭静,2025/03/14，2025/04/02，2025/05/10，2025/05/18，2025/05/23，2025/06/05，2025/06/08，2025/06/27，2025/09/03，2025/09/21，2025/10/30，2025/11/22，2025/12/9，2026/1/15,,华语,14,
114,Someone Like You,,Adele,2025/03/14，2025/04/24，2025/05/03，2025/06/23，2025/08/21，2025/10/07，2025/10/31，2026/1/19,,英语,8,
115,Viva la Vida,,Coldplay,2025/03/14，2025/04/05，2025/07/22,,英语,3,
116,晴天,,周杰伦,2025/03/14，2025/03/28，2025/04/18，2025/09/20，2025/10/12，2025/10/22，2026/1/2，2026/1/30,,华语,8,BV1sv4gzWELe
117,梦里花,,张韶涵,2025/03/14，2025/04/24，2025/05/25，2025/08/21，2025/09/10，2025/11/3，2025/11/24,,华语,7,
118,瞬き,,back number,2025/03/14，2025/04/12，2025/05/20，2025/05/30，2025/06/27，2025/08/13，2025/09/11，2025/10/28，2025/12/20，2026/1/16,,日语,10,
119,爱你,,徐俊雅,2025/03/14，2025/03/21，2025/04/06，2025/04/11，2025/04/29，2025/05/09，2025/06/09，2025/06/19，2025/07/10，2025/08/21，2025/09/07，2025/09/21，2025/09/26，2025/11/22,,华语,14,
120,If I Were a Boy,,Beyoncé/R. Kelly,2025/03/14，2025/05/23，2025/07/22,,英语,3,
121,O.O,,NMIXX,2025/03/14,,韩语,1,
122,Girls Like Me Don't Cry,,Thuy,2025/03/15，2025/04/05，2025/05/15，2025/08/12,,英语,4,
123,喜欢你,,G.E.M. 邓紫棋,2025/03/15，2025/06/26，2025/08/04，2025/09/18，2025/10/25,,粤语,5,
124,Fix You,,Coldplay,2025/03/15，2025/05/22，2025/06/10，2025/11/9，2025/11/14,,英语,5,
125,左边,,杨丞琳,2025/03/15，2025/04/03，2025/04/11，2025/04/29，2025/05/18，2025/05/26，2025/06/02，2025/07/03，2025/08/21，2025/09/12，2025/11/19，2025/12/12,,华语,12,
126,爱哭鬼,,江美琪,2025/03/15，2025/05/12，2025/06/23，2025/09/04，2025/12/23,,华语,5,
127,Dance Monkey,,Tones and I,2025/03/16，2025/04/17，2025/05/08，2025/09/11，2025/10/03，2025/10/16，2025/11/19,,英语,7,
128,普通朋友,,陶喆,2025/03/17，2025/03/28，2025/04/15，2025/04/19，2025/04/25，2025/05/01，2025/05/18，2025/05/25，2025/05/29，2025/06/05，2025/06/12，2025/06/22，2025/07/03，2025/07/11，2025/07/18，2025/07/22，2025/07/31，2025/08/01，2025/08/02，2025/08/03，2025/08/12，2025/09/03，2025/09/11，2025/09/18，2025/09/26，2025/10/03，2025/10/09，2025/10/20，2025/11/12，2025/12/7，2025/12/23，2026/1/5，2026/1/21，2026/1/29,,华语,34,BV19KmPBDERd
129,危险派对,,王以太/刘至佳,2025/03/17，2025/04/14，2025/04/29，2025/07/15，2025/07/25，2025/08/04，2025/08/22，2025/09/11，2025/09/30，2025/10/25，2025/11/7,,华语,11,
130,说爱 (FEELING LOVE),,NIA杨心予,2025/03/17，2025/03/27，2025/04/25，2025/05/01，2025/05/15，2025/06/10，2025/07/03，2025/09/11，2025/12/11，2026/1/9,,华语,10,
131,沉溺 (你让我的心不再结冰),,邹沛沛/Pank,2025/03/17，2025/04/07，2025/04/17，2025/04/28，2025/05/20，2025/06/03，2025/07/11，2025/08/04，2025/09/11，2025/09/24，2025/10/07，2025/11/26，2025/12/24,,华语,13,
132,都是因为月亮,,食呓贩售机,2025/03/17，2025/04/17，2025/05/13，2025/05/23，2025/07/21，2025/07/29，2025/08/07，2025/09/30，2025/10/31，2025/12/9，2026/1/12,,英语,11,
133,虫儿飞,,儿歌,2025/03/17，2025/05/17，2025/6/1，2025/09/21，2025/10/09，2025/11/26,,华语,6,
134,Diamonds,,Rihanna ,2025/03/17,,英语,1,BV1LmXKYSEwG
135,Psycho,,Red Velvet,2025/03/17，2025/04/29，2025/06/03，2025/07/24，2025/08/01，2025/08/03，2025/10/10，2025/11/9,,韩语,8,
136,偏爱,,张芸京,2025/03/17，2025/06/05，2025/06/05，2025/06/23，2025/08/12，2025/09/12，2025/09/02，2025/11/9，2025/12/4，2026/1/1，2026/1/29,,华语,11,BV1CF2LBhEi1
137,半梦,,ChiliChill,2025/03/18，2025/03/25，2025/04/02，2025/04/17，2025/05/01，2025/05/08，2025/05/10，2025/05/24，2025/05/29，2025/06/23，2025/06/27，2025/07/08，2025/07/28，2025/08/03，2025/09/08，2025/09/22，2025/10/03，2025/10/11，2025/10/16，2025/10/24，2025/11/18，2025/12/2，2025/12/17，2026/1/9，2026/1/15，2026/2/2,,华语,26,BV1qKrGBwEpo
138,不够成熟,,BY2,2025/03/18，2025/03/25，2025/05/22，2025/07/10，2025/09/08，2025/10/09，2026/1/15,,华语,7,
139,戒烟,,李荣浩,2025/03/19，2025/04/07，2025/04/21，2025/05/01，2025/05/10，2025/05/27，2025/06/09，2025/06/23，2025/06/26，2025/07/03，2025/09/15，2025/09/28，2025/10/01，2025/10/17，2026/1/3，2026/1/5，2026/1/30,,华语,17,BV17NkTBHEYN
140,七里香,,周杰伦,2025/03/19，2025/07/07，2025/08/12，2025/08/26，2025/09/13，2025/09/17，2025/10/10，2025/11/21，2025/12/11，2026/1/2，2026/1/15，2026/1/28,,华语,12,BV1tnmmBcEEy
141,牛仔很忙,,周杰伦,2025/03/19，2025/04/05，2025/04/24，2025/05/12，2025/06/19，2025/07/11，2025/07/31，2025/09/03，2025/09/20，2025/10/17，2025/11/9，2025/11/21，2026/1/15,,华语,13,
142,你的微笑,,F.I.R.飞儿乐团,2025/03/19，2025/04/07，2025/05/13，2025/06/10，2025/08/21，2025/11/19，2026/1/10,,华语,7,
143,Say You Love Me feat. Tamala,,西原健一郎/Tamala (塔玛拉),2025/03/19，2025/04/08，2025/04/18，2025/05/12，2025/05/23，2025/06/27，2025/07/24，2025/08/28，2025/10/11，2025/10/31，2025/11/24，2025/12/19，2026/2/2,,英语,13,BV1GTK6zaEPD
144,圣诞结,,陈奕迅,2025/03/19，2025/03/28，2025/04/11，2025/05/19，2025/05/23，2025/06/12，2025/06/23，2025/07/20，2025/08/19，2025/09/21，2025/10/07，2025/10/20，2025/10/28，2025/11/9，2025/11/24，2025/12/16，2025/12/24，2025/12/26,,华语,18,BV1BrUYB5Egp
145,妥协,,蔡依林,2025/03/19，2025/04/07，2025/04/17，2025/04/22，2025/05/22，2025/06/23，2025/07/09，2025/08/26，2025/09/28，2025/11/21，2025/12/4，2026/1/3,,华语,11,BV1RukTBmEp8
146,没有如果,,梁静茹/严爵,2025/03/19，2025/04/07，2025/05/18，2025/06/13，2025/09/12，2025/10/01,,华语,6,
147,月牙湾,,F.I.R.飞儿乐团,2025/03/19，2025/03/28，2025/03/29，2025/04/11，2025/05/08，2025/05/22，2025/05/25，2025/05/29，2025/06/15，2025/07/14，2025/08/21，2025/09/26，2025/10/03，2025/11/19，2025/11/26，2026/1/9,,华语,16,
148,红色高跟鞋,,蔡健雅,2025/03/19，2025/04/17，2025/05/20，2025/05/31，2025/09/15，2025/10/13，2025/10/22，2025/12/24,,华语,8,
149,walkashame,,Meghan Trainor,2025/03/20，2025/06/03,,英语,2,
150,プラスティック・ラブ,塑料爱,竹内まりや,2025/03/20，2025/04/04，2025/04/17，2025/04/21，2025/04/29，2025/05/08，2025/05/30，2025/06/13，2025/06/26，2025/07/08，2025/07/18，2025/08/22，2025/09/05，2025/09/28，2025/10/25，2025/11/10，2025/11/27，2025/12/24，2026/1/28,,日语,19,BV143MzzoEpV
151,泡沫,,G.E.M. 邓紫棋,2025/03/20，2025/05/19，2025/06/12，2025/06/19，2025/06/23，2025/07/11，2025/08/03，2025/08/12，2025/08/21，2025/09/15，2025/10/07，2025/12/2，2026/1/16，2026/2/2,,华语,14,BV1gHpBzAEnJ
152,梦中人,,王菲,2025/03/20，2025/04/04，2025/05/19，2025/06/08，2025/06/12，2025/07/13，2025/08/28，2025/09/26，2025/10/25，2025/11/19，2025/11/27，2026/1/22，2026/1/25,,粤语,13,BV1WpzNBnEBD
153,Dress,,Taylor Swift,2025/03/20，2025/05/23，2025/07/21，2025/08/08，2025/09/05，2026/1/29,,英语,6,BV14fJwzJEZQ
154,I love you 3000(feat. Stephanie Poetri),,Yusei/Stephanie Poetri,2025/03/20，2025/05/22，2025/05/29，2025/06/03，2025/08/28，2025/09/11，2025/10/18，2025/10/30，2025/11/28，2025/12/28,,英语,10,BV1MXvYBfENe
155,Wonderful U,,AGA,2025/03/20，2025/04/04，2025/05/03，2025/05/22，2025/06/05，2025/07/25，2025/08/26，2025/08/16，2025/09/21，2025/10/03，2025/11/12，2026/1/23，2026/1/26,,英语,13,BV15uzuB1ECd
156,霓虹甜心,,马赛克乐队,2025/03/20，2025/04/11，2025/04/22，2025/05/08，2025/06/12，2025/08/22，2025/08/29，2025/09/05，2025/11/19，2025/12/31,,华语,10,
157,别再问我什么是迪斯科,,张蔷,2025/03/20，2025/04/17，2025/05/13，2025/05/30，2025/06/06，2025/07/08，2025/08/07，2025/08/22，2025/09/30，2025/11/9，2025/11/13，2025/12/31,,华语,12,
158,Titanium,,David Guetta/Sia,2025/03/20，2025/06/26,,英语,2,
159,Let's Fall in Love for the Night,,FINNEAS,2025/03/20，2025/04/17，2025/05/01，2025/05/03，2025/05/18，2025/05/22，2025/05/29，2025/06/06，2025/06/13，2025/06/30，2025/07/09，2025/07/27，2025/08/23，2025/09/03，2025/09/11，2025/10/11，2025/10/17，2025/12/24，2026/1/16,,英语,19,
160,匿名的好友,,杨丞琳,2025/03/20，2025/03/29，2025/05/09，2025/05/18，2025/05/22，2025/05/26，2025/06/13，2025/06/23，2025/07/07，2025/07/14，2025/07/18，2025/08/07，2025/08/19，2025/08/28，2025/09/12，2025/09/28，2025/10/09，2025/12/26，2026/1/5，2026/1/24，2026/2/5,,华语,21,BV19spgzxEJp
161,Rolling in the Deep,,Adele,2025/03/21，2025/06/28，2025/08/04，2026/1/19,,英语,4,
162,光年之外,,G.E.M. 邓紫棋,2025/03/21，2025/05/12，2025/12/7,,华语,3,
163,Moves Like Jagger,,Maroon 5,2025/03/21,,英语,1,
164,一千年以后,,林俊杰,2025/03/21,,华语,1,
165,爱的回归线,,单依纯,2025/03/21，2025/05/19，2025/06/13，2025/07/22，2025/07/23，2025/08/25，2025/09/12，2025/10/26，2025/12/17,,华语,9,
166,爱我别走,,张震岳,2025/03/21，2025/06/27,,华语,2,
167,她说,,林俊杰,2025/03/21，2025/04/24，2025/06/05，2025/07/26，2025/09/21，2025/10/16，2025/10/30，2025/11/9，2026/1/9,,华语,9,
168,Style,,Taylor Swift,2025/03/21，2025/04/13，2025/06/07，2025/06/16，2025/09/14，2025/10/05，2025/10/31，2025/11/12，2025/12/6,,英语,9,
169,I Knew You Were Trouble,,Taylor Swift,2025/03/21，2025/04/14，2025/05/12，2025/06/07，2025/07/06，2025/07/21，2025/09/14，2025/10/31，2025/11/9，2026/1/9,,英语,10,
170,别找我麻烦,,蔡健雅,2025/03/21，2025/03/29，2025/04/25，2025/05/30，2025/06/22，2025/07/18，2025/09/03，2025/09/13,,华语,8,
171,水手公园,,GALA,2025/03/21,,华语,1,
172,Knock Knock,,TWICE,2025/03/21，2025/09/28,,韩语,2,
173,心墙,,林俊杰,2025/03/21，2025/04/06，2025/04/18，2025/04/25，2025/05/27，2025/07/11，2025/07/24，2025/08/09，2025/09/15，2025/09/21，2025/10/11，2025/10/24，2025/11/3，2025/11/22，2026/1/22,,华语,16,
174,人是_,,周深,2025/03/21，2025/06/26，2025/10/24,,华语,3,
175,囍帖街,,谢安琪,2025/03/21，2025/05/09，2025/05/30，2025/07/22，2025/09/28，2025/11/18,,粤语,6,
176,愿与愁,,林俊杰,2025/03/21，2025/04/04，2025/04/19，2025/05/26，2025/06/02，2025/07/27，2025/09/06，2025/09/08，2025/10/11,,华语,9,
177,乐园游梦记,,Sān-Z/HOYO-MiX,2025/03/21，2025/04/04，2025/04/18，2025/04/25，2025/05/01，2025/05/25，2025/06/02，2025/06/06，2025/12/26，2026/1/21,,粤语,10,
178,小半,,陈粒,2025/03/21，2025/05/01，2025/05/24，2025/06/05，2025/06/26，2025/07/24，2025/09/11，2025/10/17，2025/10/23，2025/11/19，2026/1/19,,华语,11,
179,易燃易爆炸,,陈粒,2025/03/21，2025/04/07，2025/04/18，2025/05/08，2025/10/24，2025/12/12,,华语,6,
180,Never Grow Up,,Taylor Swift,2025/03/21，2025/04/28，2025/05/13，2025/06/07，2025/06/21，2025/08/28，2025/09/29，2025/10/24，2025/11/14，2025/12/17,,英语,10,
181,我知道,,BY2,2025/03/21，2025/04/05，2025/05/18，2025/06/12，2025/07/14，2025/07/15，2025/08/02，2025/08/30，2025/10/03，2025/11/26，2025/12/2,,华语,11,
182,屑屑,,ChiliChill,2025/03/22，2025/04/05，2025/04/17，2025/04/21，2025/04/22，2025/04/25，2025/05/08，2025/05/15，2025/05/25，2025/05/29，2025/06/03，2025/06/13，2025/06/23，2025/07/06，2025/07/15，2025/08/03，2025/08/16，2025/09/03，2025/09/10，2025/09/30，2025/10/16，2025/10/22，2025/10/30，2025/11/18，2025/12/2，2025/12/5，2025/12/30，2026/1/23，2026/1/29,,华语,29,BV1Xr2xBVEqN
183,今天你要嫁给我,,陶喆/蔡依林,2025/03/22，2025/06/24,,华语,2,
184,年轮说,,杨丞琳,2025/03/22，2025/04/03，2025/04/19，2025/05/26，2025/09/18，2025/10/17，2026/1/1,,华语,7,
185,海芋恋,,萧敬腾,2025/03/23，2025/04/01，2025/05/12，2025/05/31，2025/07/11，2025/08/16，2025/09/19，2025/09/24，2025/11/18，2026/1/9,,华语,10,
186,You Belong With Me,,Taylor Swift,2025/03/23，2025/03/28，2025/04/06，2025/05/15，2025/05/22，2025/05/29，2025/06/07，2025/06/09，2025/07/06，2025/07/15，2025/09/06，2025/09/14，2025/09/30，2025/11/13，2026/1/29,,英语,15,BV1Q6E2zjE2b
187,死性不改,,Boy'z,2025/03/23，2025/04/17，2025/05/25，2025/12/2，2026/1/14,,粤语,5,
188,Someday or One Day,,孙盛希,2025/03/23，2025/04/10，2025/05/01，2025/05/19，2025/06/08，2025/07/14，2025/09/12，2025/09/11，2025/10/31，2026/1/9,,英语,10,
189,杀破狼,,詹雯婷,2025/03/24，2025/04/02，2025/05/18，2025/06/19，2025/07/07，2025/09/04，2025/09/12，2026/1/19,,华语,8,
190,童话镇,,小野来了,2025/03/24，2025/04/21，2025/04/21，2025/05/31，2025/12/19,,华语,5,
191,勇敢,,BY2,2025/03/24，2025/04/06，2025/04/21，2025/04/26，2025/05/18，2025/08/24，2025/12/30,,华语,7,
192,简单爱,,周杰伦,2025/03/24，2025/04/06，2025/04/15，2025/04/27，2025/05/05，2025/05/22，2025/05/30，2025/06/02，2025/06/06，2025/06/09，2025/06/21，2025/06/27，2025/08/25，2025/09/06，2025/09/10，2025/09/19，2025/10/05，2025/11/21，2025/12/7，2026/1/17,,华语,20,BV1Gn7XzhEHE
193,I Kissed a Girl,,Katy Perry,2025/03/24，2025/06/23，2026/1/9,,英语,3,
194,香水百合,,张韶涵,2025/03/24，2025/03/28，2025/05/25,,华语,3,
195,Our Song,,Taylor Swift,2025/03/25，2025/04/11，2025/04/20，2025/05/17，2025/05/22，2025/06/07，2025/06/21，2025/07/06，2025/07/28，2025/09/03，2025/09/14，2025/11/9，2026/1/1,,英语,13,
196,Everything Has Changed,,Taylor Swift/Ed Sheeran,2025/03/25，2025/05/05，2025/06/23，2025/09/15，2025/12/7,,英语,5,
197,Fifteen,,Taylor Swift,2025/03/25，2025/04/22，2025/06/19，2026/1/19,,英语,4,
198,听见下雨的声音,,周杰伦,2025/03/25，2025/07/24，2025/07/29，2025/07/31，2025/09/04，2025/09/24，2025/10/03，2025/10/16，2025/11/18，2025/11/21,,华语,10,
199,Grenade,,Bruno Mars,2025/03/25，2025/05/13，2025/05/29，2025/06/17，2025/08/22，2025/09/04,,英语,6,
200,Rehab,,Amy Winehouse,2025/03/25，2025/09/24，2025/11/27,,英语,3,
201,一万次悲伤,,徐歌阳,2025/03/25，2025/04/18，2025/06/02,,华语,3,
202,素颜,,许嵩/何曼婷,2025/03/25，2025/05/20，2025/06/01，2025/07/15，2025/09/27，2025/10/03,,华语,6,
203,离歌,,信乐团,2025/03/25，2025/04/18，2025/04/24，2025/06/23，2025/09/29，2025/12/17,,华语,6,
204,Shut Up and Dance,,WALK THE MOON,2025/03/25，2025/09/19，2025/10/10，2025/11/9,,英语,4,
205,猜不透,,丁当,2025/03/25，2025/04/06，2025/05/01，2025/06/23，2025/07/09，2025/09/05，2025/09/15，2025/10/16，2025/11/19，2025/12/17,,华语,10,
206,倒带,,蔡依林,2025/03/27，2025/04/03，2025/04/15，2025/04/24，2025/05/13，2025/06/02，2025/06/27，2025/07/14，2025/08/26，2025/09/02，2025/10/03，2025/10/17，2025/11/21,,华语,13,
207,Somewhere Only We Know,,Lily Allen,2025/03/27，2025/04/17，2025/05/15，2025/05/27，2025/11/27，2025/12/24，2026/1/14,,英语,7,
208,デスぺレート,孤注一掷/Desperate,TeddyLoid/ギガP (Giga-P)/LOLUET,2025/03/27，2025/04/03，2025/04/15，2025/04/28，2025/04/29，2025/05/12，2025/06/06，2025/06/16，2025/07/24，2025/08/01，2025/09/05，2025/09/26，2025/10/28，2025/12/5，2026/1/9,,日语,15,
209,すずめ feat.十明,铃芽,RADWIMPS/十明,2025/03/27，2025/06/08，2025/07/13，2025/07/21，2025/07/24，2025/07/28，2025/08/01，2025/08/16，2025/09/26，2025/10/28，2025/11/10，2025/11/17，2025/12/23,,日语,13,
210,Count On Me,,Connie Talbot,2025/03/27，2025/04/22，2025/04/28，2025/06/30,,英语,4,
211,Fly Away,,F.I.R.飞儿乐团,2025/03/27，2025/04/15，2025/05/08，2025/06/10，2025/07/07，2025/08/04，2025/09/04，2025/10/01，2025/11/26，2026/1/10,,华语,10,
212,Complicated,,Avril Lavigne,2025/03/27，2025/05/09，2025/05/29，2025/07/24，2025/09/04，2025/10/24，2025/11/19,,英语,7,BV11GypBUErS
213,紫,,蔡健雅,2025/03/27,,华语,1,
214,Stellar Stellar,,星街すいせい,2025/03/27，2025/05/06，2025/05/16，2025/06/10，2025/07/03，2025/07/13，2025/08/22，2025/10/05，2025/10/23，2025/11/10，2026/1/16，2026/2/2,,日语,12,BV1yYMVz2E5E
215,给我你的爱,,Tank,2025/03/28，2025/04/22，2025/05/20，2025/06/27，2025/09/12，2025/11/9，2025/11/14，2025/12/9，2026/1/31,,华语,9,BV1AzJhzdE3s
216,Golden Hour,,JVKE,2025/03/28，2025/07/25，2025/07/26，2025/08/16，2025/09/05，2025/09/29，2025/10/31，2025/12/24，2026/1/16,,英语,9,
217,年轮,,张碧晨,2025/03/28，2025/04/29，2025/06/09，2025/07/24，2025/08/01，2025/08/03，2025/08/16，2025/09/08，2025/09/12，2025/10/03，2025/10/30，2026/1/10,,华语,12,
218,天黑黑,,孙燕姿,2025/03/28，2025/05/23，2025/06/13，2025/06/26，2025/07/11，2025/09/18，2025/11/3，2025/12/23，2025/12/26，2026/1/24,,华语,10,
219,Celebrity,,IU,2025/03/28，2025/05/25,,韩语,2,
220,Zombie,,The Cranberries,2025/03/28，2025/05/03，2025/07/24，2025/09/28，2025/10/31，2025/11/13，2026/1/14,,英语,7,
221,小幸运,,田馥甄,2025/03/28，2025/06/07，2025/06/13，2025/06/23，2025/07/20，2025/10/24，2025/11/9，2026/1/9,,华语,8,
222,修炼爱情,,林俊杰,2025/03/28,,华语,1,
223,眉南边,,银临,2025/03/28，2025/05/05，2025/05/08，2025/05/15，2025/05/30，2025/06/13，2025/06/23，2025/07/10，2025/07/24，2025/08/04，2025/09/03，2025/09/21，2025/11/9，2025/11/26，2026/1/16，2026/1/29,,华语,16,BV1ZtE2zsEfw
224,我喜欢上你时的内心活动,,陈绮贞,2025/03/28，2025/04/04，2025/08/28，2025/09/18，2025/11/21，2025/12/4,,华语,6,
225,Enchanted,,Taylor Swift,2025/03/28，2025/05/03，2025/05/26，2025/11/9,,英语,4,
226,想你时风起,,单依纯,2025/03/28，2025/04/04，2025/04/22，2025/04/29，2025/05/10，2025/05/18，2025/06/02，2025/07/10，2025/08/19，2025/09/10，2025/09/15，2025/10/07，2025/10/26，2025/10/30，2025/11/7，2025/11/24，2025/12/5，2026/1/23,,华语,18,
227,A.I.N.Y.,,G.E.M. 邓紫棋,2025/03/28，2025/06/07，2025/07/31，2025/08/13，2025/12/16，2026/1/19,,华语,6,
228,我好想你,,苏打绿,2025/03/28，2025/04/24，2025/06/02，2025/06/27，2025/09/21，2025/10/07，2025/11/13，2025/12/2,,华语,8,
229,无状态,,张悬,2025/03/28，2025/05/17，2025/06/13，2025/07/05，2025/09/15，2025/10/23,,华语,6,
230,致姗姗来迟的你,,阿肆/林宥嘉,2025/03/29，2025/05/08，2025/05/20，2025/05/26，2025/06/05，2025/06/22，2025/07/10，2025/07/11，2025/07/22，2025/08/07，2025/09/17，2025/09/24，2025/10/23，2025/11/13,,华语,14,
231,滥俗的歌,,汉堡黄,2025/03/29，2025/04/01，2025/04/12，2025/04/14，2025/04/17，2025/04/18，2025/04/20，2025/04/29，2025/05/08，2025/05/20，2025/05/25，2025/06/03，2025/06/08，2025/06/14，2025/06/20，2025/07/05，2025/07/08，2025/07/17，2025/07/28，2025/08/07，2025/08/19，2025/08/28，2025/09/03，2025/09/20，2025/10/03，2025/10/26，2025/12/12，2026/1/28,,华语,28,BV1crarzEEsn
232,헤픈 우연,随意偶然,Heize,2025/03/29，2025/05/29，2025/06/17，2025/07/24，2025/08/16，2025/09/21，2025/10/30,,韩语,7,
233,我怀念的,,孙燕姿,2025/03/29，2025/04/18，2025/04/24，2025/05/27，2025/06/20，2025/07/03，2025/07/18，2025/08/02，2025/08/24，2025/10/03，2025/10/25，2025/10/28，2025/11/3，2025/11/9，2025/12/23,,华语,15,BV1aPjfzkEww
234,MORE,,K/DA/Madison Beer/(G)I-DLE ((여자)아이들)/刘柏辛Lexie,2025/03/29，2025/04/05，2025/05/30，2025/06/28，2025/09/17，2025/09/18，2025/11/7，2025/11/13，2025/12/2，2026/1/14，2026/1/24,,英语,11,
235,The Show,,Lenka,2025/03/29，2025/04/25，2025/05/03，2025/06/23，2025/09/28，2025/11/28，2025/12/26,,英语,7,
236,널 너무 모르고,Don't know you/太不懂你,Heize,2025/03/29，2025/08/22，2025/09/21，2025/10/20，2025/12/2,,韩语,5,
237,비도 오고 그래서,还下着雨才如此,Heize/申容财 (신용재),2025/03/29，2025/08/12，2025/10/20，2025/11/14，2025/12/2，2026/1/10,,韩语,6,
238,It Will Rain,,Bruno Mars,2025/03/30，2025/07/13，2025/10/20,,英语,3,
239,Take Me to Church,,Hozier,2025/03/30，2025/06/17，2025/09/28，2025/10/20，2025/10/31，2026/1/16,,英语,6,
240,When I Was Your Man,,Bruno Mars,2025/03/30，2025/04/14，2025/05/26，2025/06/15，2025/07/09，2025/10/25，2025/11/24，2025/12/30，2026/1/16,,英语,9,
241,Paparazzi,,Lady Gaga,2025/03/30，2025/05/22，2025/06/29，2025/09/30，2025/10/23，2026/1/19,,英语,6,
242,流沙,,陶喆,2025/03/30，2025/04/24，2025/05/15，2025/05/29，2025/09/21，2025/09/27，2025/10/24，2026/1/5,,华语,8,
243,月光,,胡彦斌,2025/03/30，2025/05/10，2025/06/01，2025/06/10，2025/06/13，2025/07/21，2025/07/22，2025/08/03，2025/09/24，2025/10/05，2026/1/9,,华语,11,
244,123木头人,,黑Girl,2025/03/30，2025/04/27，2025/05/19，2025/05/31，2025/08/30，2025/09/02，2025/11/18,,华语,7,
245,爱丫爱丫,,BY2,2025/03/30，2025/04/04，2025/04/26，2025/05/06，2025/05/18，2025/06/10，2025/07/03，2025/07/10，2025/07/24，2025/08/16，2025/09/18，2025/10/03,,华语,12,
246,恶作剧,,王蓝茵,2025/03/30，2025/04/15，2025/05/09，2025/06/13，2025/06/27，2025/07/11，2025/08/29，2025/09/12，2025/11/27，2026/1/1，2026/1/25,,华语,11,BV11fVSzAEHq
247,一朵花,,MATZKA,2025/03/30,,华语,1,
248,Extraordinary,,Clean Bandit/Sharna Bass,2025/03/30，2025/04/19，2025/06/23，2025/07/08，2025/09/21，2025/10/23，2025/11/14，2025/12/17,,英语,8,
249,曹操,,林俊杰,2025/03/30，2025/06/19，2025/07/05,,华语,3,
250,半糖主义,,S.H.E,2025/04/01，2025/04/11，2025/04/18，2025/04/29，2025/05/08，2025/07/22，2025/07/29，2025/08/04，2025/08/21，2025/09/06，2025/10/09，2025/12/12,,华语,12,
251,Payphone,,Maroon 5/Wiz Khalifa,2025/04/01，2025/05/15，2025/06/09，2025/09/03，2025/09/24，2026/1/5,,英语,6,
252,想你的365天,,李玟,2025/04/01，2025/06/19,,华语,2,
253,Rather Be,,Clean Bandit/Jess Glynne,2025/04/01，2025/06/23，2025/07/08，2025/09/30，2025/10/23,,英语,5,
254,I Really Want to Stay At Your House,,Rosa Walton/Hallie Coggins,2025/04/01，2025/04/28，2025/05/22，2025/06/08，2025/06/27，2025/07/08，2025/08/01，2025/09/03，2025/09/28，2025/10/16，2025/10/23，2025/10/31，2025/12/19，2025/12/31，2026/1/21,,英语,15,
255,黄昏晓,,王心凌,2025/04/01，2025/04/17，2025/05/25，2025/07/17，2025/07/21，2025/09/14，2025/10/11，2025/12/2,,华语,8,
256,是日救星,,徐佳莹,2025/04/01，2025/05/10，2025/09/04，2025/09/10，2025/09/28，2025/11/26，2026/1/19,,华语,7,
257,失落沙洲,,徐佳莹,2025/04/01，2025/04/24，2025/05/12，2025/05/26，2025/06/23，2025/06/27，2025/07/20，2025/08/30，2025/09/15，2025/09/22，2025/10/07，2025/10/28，2025/11/26，2025/12/28,,华语,14,BV1mRvYBtECy
258,搁浅,,周杰伦,2025/04/01，2025/10/17，2025/10/22，2025/10/25，2025/11/21，2025/12/11，2026/1/2，2026/1/5，2026/2/2,,华语,9,BV1QbqABDEAJ
259,22,,Taylor Swift,2025/04/02，2025/05/12，2025/05/26，2025/08/26，2025/08/16，2025/10/05,,英语,6,
260,来自天堂的魔鬼,,G.E.M. 邓紫棋,2025/04/02，2025/04/18，2025/05/26，2025/09/21，2025/10/07，2026/1/15,,华语,6,
261,小手拉大手,,梁静茹,2025/04/02，2025/04/21，2025/05/19，2025/06/02，2025/07/03，2025/09/19，2025/10/16,,华语,7,
262,不染,,毛不易,2025/04/02，2025/05/22，2025/08/22，2025/09/12,,华语,4,
263,诀爱,,詹雯婷,2025/04/02，2025/07/24,,华语,2,
264,遇到,,方雅贤,2025/04/02，2025/05/04，2025/05/20，2025/06/23，2025/07/24，2025/09/12，2025/10/17，2025/12/9,,华语,8,
265,我要我们在一起,,范晓萱,2025/04/02，2025/05/13，2025/05/29，2025/09/04，2025/09/21，2025/10/22，2026/1/1，2026/1/15,,华语,8,
266,Lover,,Taylor Swift,2025/04/02，2025/04/12，2025/05/23，2025/06/08，2025/07/29，2025/08/13，2025/08/28，2025/09/28，2025/09/29，2025/11/9，2025/12/6，2025/12/24,,英语,13,
267,Supernatural,,NewJeans,2025/04/02，2025/04/13，2025/05/10，2025/05/26，2025/06/02，2025/06/05，2025/06/17，2025/08/04，2025/09/10，2025/09/30，2025/10/16，2025/11/17，2025/12/6，2025/12/31,,日语,14,
268,狐狸精,,胡玮琪/罗志祥,2025/04/02，2025/04/08，2025/05/04，2025/05/08，2025/07/31,,华语,5,
269,梁山伯与茱丽叶,,卓文萱/曹格,2025/04/02，2025/05/09，2025/05/20，2025/06/26，2025/07/15，2025/12/5,,华语,6,
270,初恋,,回春丹乐队,2025/04/02，2025/04/03，2025/04/08，2025/05/26，2025/07/18，2025/08/16，2025/09/30，2025/11/26，2026/1/23,,华语,9,
271,第一天,,孙燕姿,2025/04/03，2025/04/19，2025/06/16，2025/07/13，2025/07/18，2025/09/19，2025/10/01，2026/1/25,,华语,8,BV189uPzNEzM
272,나는 아픈 건 딱 질색이니까 (Fate),,(G)I-DLE,2025/04/03，2025/06/20，2025/09/19，2025/10/12,,韩语,4,
273,Mean,,Taylor Swift,2025/04/03，2025/05/03，2025/05/22，2025/09/10,,英语,4,
274,Bye Bye Bye,,BY2,2025/04/03，2025/05/17，2025/05/29，2025/06/16，2025/07/10，2025/08/24，2025/10/16，2025/11/26,,华语,8,
275,亲爱的，那不是爱情,,张韶涵,2025/04/03，2025/04/14，2025/04/24，2025/06/01，2025/07/06，2025/09/21，2025/11/3，2025/12/12，2025/12/26,,华语,9,
276,Cruel Summer,,Taylor Swift,2025/04/03，2025/04/15，2025/05/22，2025/05/29，2025/06/02，2025/06/07，2025/06/12，2025/06/21，2025/06/23，2025/07/08，2025/07/13，2025/07/21，2025/08/01，2025/08/03，2025/09/02，2025/09/19，2025/10/10，2025/11/12，2025/11/26，2025/12/6，2026/1/9，2026/1/29,,英语,22,BV1Yj7DzxEm9
277,The Power of Love,,Gabrielle Aplin,2025/04/03，2025/04/27,,英语,2,
278,People Help the People,,Birdy,2025/04/03，2025/07/13，2025/10/17,,英语,3,
279,追光者,,岑宁儿,2025/04/03，2025/04/24，2025/09/12，2026/1/10,,华语,4,
280,逆光,,孙燕姿,2025/04/04，2025/05/12，2025/05/18，2025/06/20，2025/07/05，2025/07/14，2025/12/23，2026/1/30,,华语,8,BV1zgKNzkEV1
281,画心,,张靓颖,2025/04/04，2025/06/02，2025/06/29，2025/07/24，2025/07/26，2025/08/21，2025/11/9，2025/12/16,,华语,8,
282,Uptown Funk,,Mark Ronson/Bruno Mars,2025/04/04，2026/1/29,,英语,2,
283,克卜勒,,孙燕姿,2025/04/04，2025/07/11,,华语,2,
284,海阔天空,,BEYOND,2025/04/04，2025/06/26,,粤语,2,
285,一直很安静,,阿桑,2025/04/04，2025/04/11，2025/05/18，2025/09/12，2025/10/12，2026/1/16,,华语,6,
286,王妃,,萧敬腾,2025/04/04，2025/04/18，2025/06/06，2025/07/07，2025/08/04，2025/08/12，2025/09/17,,华语,7,
287,思念是一种病,,张震岳/蔡健雅,2025/04/04，2025/09/02,,华语,2,
288,不再联系,,夏天,2025/04/04，2025/07/20，2025/12/5，2026/1/22,,华语,4,
289,开始懂了,,孙燕姿,2025/04/04，2025/07/13，2025/07/18，2025/11/3，2025/11/28,,华语,5,
290,要抱抱,,王蓉,2025/04/04,,华语,1,
291,最熟悉的陌生人,,萧亚轩,2025/04/04,,华语,1,
292,有点甜,,汪苏泷/BY2,2025/04/05，2025/04/11，2025/04/19，2025/05/04，2025/05/09，2025/05/23，2025/05/30，2025/06/27，2025/08/16，2025/09/30,,华语,10,
293,你,,林依晨,2025/04/05，2025/04/19，2025/05/20，2025/07/11，2025/09/12，2025/12/9，2025/12/16,,华语,7,
294,不想长大,,S.H.E,2025/04/06，2025/04/10，2025/06/20，2025/12/23,,华语,4,
295,The Lazy Song,,Amy Winehouse,2025/04/06，2025/04/17，2025/05/04，2025/05/24，2025/05/30，2025/09/19，2025/10/22，2025/11/13,,英语,8,
296,一眼万年,,S.H.E,2025/04/06，2025/04/25，2025/07/25，2025/08/28，2025/09/12,,华语,5,
297,DOA <Vocal: AIMEE BLACKSCHLEGER>,,澤野弘之/Aimee Blackschleger,2025/04/06，2025/04/19，2025/08/01,,英语,3,
298,FANCY,,TWICE,2025/04/06，2025/08/21，2025/09/30,,韩语,3,
299,Call your name <Gv>,,澤野弘之/R!N/Gemie,2025/04/06，2025/04/19，2025/05/03，2025/08/01，2025/10/31,,英语,5,
300,爱上你,,BY2,2025/04/06，2025/05/23，2025/06/10，2025/10/03,,华语,4,
301,If I Die Young,,The Band Perry,2025/04/07，2025/05/09，2025/06/19，2025/07/22,,英语,4,
302,Teardrops On My Guitar,,Taylor Swift,2025/04/07，2025/05/19，2025/10/11，2025/12/6,,英语,4,
303,Back To December,,Taylor Swift,2025/04/07，2025/04/24，2025/05/03，2025/05/23，2025/06/07，2025/06/12，2025/06/23，2025/06/29，2025/07/15，2025/07/25，2025/09/24，2025/10/18，2025/11/12，2025/11/24，2025/12/23，2026/1/29,,英语,16,BV1ugBMBAEFM
304,Clarity,,Zedd/Foxes,2025/04/07，2025/05/19，2025/10/01，2025/10/31，2026/1/5,,英语,5,
305,靠近,,罗震环,2025/04/07，2025/04/17，2025/04/19，2025/04/27，2025/04/29，2025/05/20，2025/06/14，2025/07/23，2025/08/29，2025/10/01，2025/11/18，2026/1/3，2026/1/22,,华语,13,BV1RukTBmEWQ
306,靠近一点点,,Lara梁心颐,2025/04/07，2025/04/17，2025/05/08，2025/05/20，2025/05/30，2025/06/16，2025/08/29，2025/09/12，2025/10/09，2025/10/16，2025/11/18，2026/2/4,,华语,12,BV1BYyVBVELL
307,太聪明,,陈绮贞,2025/04/08，2025/04/21，2025/04/26，2025/05/10，2025/05/13，2025/05/19，2025/05/30，2025/06/05，2025/06/13，2025/07/05，2025/07/08，2025/07/13，2025/07/15，2025/08/30，2025/09/11，2025/09/18，2025/09/24，2025/09/30，2025/10/30，2025/11/3，2025/11/9，2025/11/26，2025/12/9，2026/1/23,,华语,25,BV1aXvxB1EKh
308,干物女,,洛天依/乐正绫,2025/04/08，2025/04/18，2025/04/19，2025/04/26，2025/05/04，2025/05/08，2025/05/19，2025/05/29，2025/06/07，2025/06/23，2025/07/05，2025/07/13，2025/08/21，2025/09/21，2025/10/25，2025/10/26，2025/11/19，2025/12/9，2026/1/24,,华语,19,BV1BfsmzyE4u
309,被动的观众,,戴佩妮,2025/04/08,,华语,1,
310,可惜我是水瓶座,,杨千嬅,2025/04/08，2025/05/12，2025/08/22，2025/10/01，2025/10/17,,粤语,5,
311,身骑白马,,徐佳莹,2025/04/08，2025/04/13，2025/04/22，2025/05/01，2025/05/22，2025/06/08，2025/06/29，2025/08/30，2025/09/15，2025/10/10，2025/11/9，2025/12/5，2025/12/19，2025/12/26，2026/1/10，2026/1/19,,华语,16,BV1nvkjBQE9e
312,21 Guns,,Green Day,2025/04/08，2025/10/31,,英语,2,
313,稻香,,周杰伦,2025/04/10，2025/04/24，2025/05/13，2025/06/13，2025/09/03，2025/09/19，2025/10/13，2025/11/21,,华语,8,
314,告白气球,,周杰伦,2025/04/10，2025/05/19，2025/06/27，2025/08/21，2025/08/29，2025/09/17，2025/10/17，2025/10/30,,华语,8,
315,热气球,,黄淑惠,2025/04/11，2025/06/29，2025/08/01，2025/09/04，2025/09/21，2025/10/17，2025/11/9，2025/11/13，2025/12/4，2025/12/13,,华语,10,
316,改变自己,,王力宏,2025/04/11,,华语,1,
317,发如雪,,周杰伦,2025/04/11，2025/05/18，2025/06/09，2025/07/07，2025/08/26，2025/09/03，2025/09/13，2025/10/17，2025/10/30，2025/11/21，2025/12/17,,华语,11,
318,secret base～君がくれたもの～,,茅野愛衣/戸松遥 (とまつ はるか)/早見沙織 (はやみ さおり),2025/04/11，2025/08/01,,日语,2,
319,暧昧,,杨丞琳,2025/04/11，2025/04/28，2025/05/26，2025/06/17，2025/07/15，2025/07/26，2025/08/13，2025/09/03，2025/09/12，2025/10/07，2025/11/9，2026/1/5,,华语,12,
320,知否知否,,胡夏/郁可唯,2025/04/11，2025/09/12,,华语,2,
321,最后一页,,江语晨,2025/04/11，2025/05/25，2025/05/29，2025/06/28，2025/07/03，2025/08/13，2025/08/25，2025/09/12，2025/09/11，2025/09/28，2025/10/11，2025/10/30，2025/11/21，2026/1/29,,华语,14,BV1TP7LzmEnU
322,波斯猫,,S.H.E,2025/04/11,,华语,1,
323,唱得响亮,,安又琪,2025/04/11,,华语,1,
324,Shape of My Heart,,Taylor Swift,2025/04/11，2025/05/03,,英语,2,
325,为你写诗,,吴克群,2025/04/11，2025/05/18，2025/05/20,,华语,3,
326,不能说的秘密,,周杰伦,2025/04/11，2025/04/18，2025/04/25，2025/04/29，2025/05/30，2025/06/09，2025/06/13，2025/06/26，2025/07/05，2025/07/14，2025/08/21，2025/09/10，2025/10/09，2025/11/21，2026/1/22,,华语,15,
327,夜空中最亮的星,,逃跑计划,2025/04/11，2025/09/02,,华语,2,
328,If You,,BIGBANG,2025/04/11，2025/05/18，2025/09/08，2025/12/5，2026/1/28,,韩语,5,BV1zYaZzZEYj
329,够爱,,东城卫,2025/04/11，2025/08/04，2025/09/12，2025/09/12,,华语,4,
330,All of Me,,John Legend,2025/04/11，2025/06/02，2025/06/12，2025/09/27，2025/11/9，2025/12/19，2026/1/1,,英语,7,
331,如果的事,,张韶涵/范玮琪,2025/04/12，2025/07/14，2025/09/24，2025/09/28，2025/11/9,,华语,5,
332,DNA,,BY2,2025/04/12，2025/04/28，2025/07/10，2025/09/08，2025/09/07,,华语,5,
333,Rude,,Magic!,2025/04/12,,英语,1,
334,不药而愈,,郭静,2025/04/13，2025/05/26，2025/06/07，2025/06/21，2025/07/05，2025/08/21，2025/09/15，2025/10/23，2025/11/24，2025/12/23，2026/1/9,,华语,11,
335,T.B.H (고민중독),烦恼中毒/贪食蛇,QWER,2025/04/13，2025/04/21，2025/04/22，2025/04/25，2025/04/26，2025/04/29，2025/05/08，2025/05/12，2025/05/22，2025/05/30，2025/06/06，2025/06/08，2025/06/28，2025/07/13，2025/08/12，2025/08/24，2025/09/07，2025/09/30，2025/10/05，2025/11/21，2025/12/17，2026/1/14，2026/1/23,,韩语,23,BV1gKuwz8E9Y
336,あなたに出会わなければ~夏雪冬花~,夏雪冬花,Aimer,2025/04/13，2025/04/15，2025/04/27，2025/05/22，2025/05/29，2025/06/03，2025/06/13，2025/06/28，2025/08/22，2025/09/19，2025/10/12，2025/12/5，2025/12/9，2026/1/15，2026/1/24,,日语,15,
337,When You're Gone,,Avril Lavigne,2025/04/13，2025/04/18，2025/08/28，2026/1/16,,英语,4,BV1Wi5Rz7EEo
338,半情歌,,元若蓝,2025/04/13，2025/07/13，2025/07/18，2025/08/02，2025/09/04，2025/09/12，2025/10/17，2025/11/28，2026/1/22,,华语,9,
339,고양이(feat 아이유),CAT/猫,鲜于贞娥,2025/04/13，2025/05/23，2025/06/06，2025/08/28，2025/09/05，2025/12/6,,韩语,6,
340,comethru,,Jeremy Zucker,2025/04/14，2025/10/31,,英语,2,
341,Savage,,Bahari,2025/04/14，2025/09/06，2025/10/31，2025/11/13,,英语,4,
342,四人游,,方大同/薛凯琪,2025/04/14，2025/05/24，2025/06/15，2025/06/19，2025/07/21，2025/08/22，2025/09/20，2025/10/09，2025/10/28，2025/12/22,,华语,10,
343,姐就是女王,,王莎莎,2025/04/15，2025/06/27,,华语,2,
344,沿海公路的出口,,S.H.E,2025/04/15，2025/05/13，2025/07/14，2025/09/18，2026/1/1，2026/1/9,,华语,6,
345,Talking to the Moon,,Bruno Mars,2025/04/15，2025/04/18，2025/05/12，2025/06/17，2025/09/03，2025/10/07，2025/11/24，2026/1/16,,英语,8,
346,遇见,,孙燕姿,2025/04/15，2025/04/25，2025/05/30，2025/06/17，2025/09/26，2025/10/03，2025/11/3，2025/12/23,,华语,8,
347,没有意外,,碳水化合潘,2025/04/15，2025/04/18，2025/04/20，2025/05/18，2025/05/20，2025/05/25，2025/06/28，2025/06/30，2025/08/24，2025/09/26，2026/1/9,,华语,11,
348,马步谣,,双笙 (陈元汐),2025/04/17，2025/05/26，2025/06/23，2025/09/29,,华语,4,
349,My Days,,窦靖童,2025/04/17，2025/05/13，2025/06/13，2025/07/07，2025/09/30,,英语,5,
350,真夜中のドア/Stay With Me,,松原美紀,2025/04/17，2025/04/21，2025/05/08，2025/06/10，2025/06/28，2025/07/08，2025/08/22，2025/09/11，2025/10/25,,日语,9,
351,空心,,光泽,2025/04/17，2025/04/18，2025/07/03，2025/10/17，2025/10/30，2026/1/9,,华语,6,
352,扉をあけて,打开心扉/魔法少女小樱,ANZA,2025/04/17，2025/06/01，2025/08/18,,日语,3,BV1t87rzREqq
353,安静了,,S.H.E,2025/04/17，2025/05/01，2025/05/26，2025/07/03，2025/07/27，2025/09/18，2025/10/17，2025/11/21，2026/1/12，2026/1/24,,华语,10,BV13E33zFES7
354,麦当劳汉堡,,旺仔小Q,2025/04/17，2025/05/22,,粤语,2,
355,My Cookie Can,,卫兰,2025/04/17，2025/04/29，2025/05/22，2025/05/25，2025/05/31，2025/08/29，2025/09/20，2025/10/09，2025/10/30，2025/12/11,,粤语,10,
356,Attention,,NewJeans,2025/04/17，2025/05/31，2025/06/03，2025/06/14，2025/09/10,,韩语,5,
357,爱的初体验,,张震岳,2025/04/18,,华语,1,
358,我是一只鱼,,落日飛車,2025/04/18，2025/06/05，2025/08/22，2025/09/05，2025/10/10，2025/11/3,,华语,6,
359,遗失的美好,,张韶涵,2025/04/18，2025/10/01，2026/1/23,,华语,3,
360,空白格,,蔡健雅,2025/04/18,,华语,1,
361,Monica,,张国荣,2025/04/18,,粤语,1,
362,火柴天堂,,曾沛慈,2025/04/18，2025/05/29，2025/06/23，2025/09/21，2025/10/07，2026/1/10,,华语,6,
363,天使にふれたよ!,相遇天使,放課後ティータイム,2025/04/18，2025/05/18，2025/06/19，2025/07/15，2025/08/01，2025/09/17，2025/10/28，2025/11/13，2025/11/14,,日语,9,
364,梁山伯与朱丽叶,,卓文萱/曹格,2025/04/19，2025/09/30,,华语,2,
365,Last Christmas,,Taylor Swift,2025/04/19，2025/05/19，2025/07/06，2025/10/18，2025/11/13，2025/11/24，2025/12/16,,英语,7,
366,我们的爱,,F.I.R.飞儿乐团,2025/04/19，2025/07/14，2025/09/12，2025/10/03，2025/10/30，2026/1/10,,华语,6,
367,Lovefool,,The Cardigans,2025/04/19，2025/06/17，2025/08/28,,英语,3,
368,下一站天后,,Twins,2025/04/19，2025/04/25，2025/05/22，2025/07/03，2025/07/11，2025/07/26，2025/09/08，2025/10/03，2025/12/2，2026/1/25,,粤语,10,BV19FzxBdEQb
369,Skinny Love,,Birdy,2025/04/19，2025/05/30，2025/07/23，2025/08/23，2025/09/11，2025/12/2，2026/1/26,,英语,7,BV1LZziBoEHB
370,Love Story,,Taylor Swift,2025/04/20，2025/04/27，2025/05/05，2025/05/09，2025/05/18，2025/06/07，2025/06/13，2025/06/21，2025/07/05，2025/07/15，2025/07/25，2025/08/08，2025/08/26，2025/08/28，2025/09/14，2025/09/30，2025/10/03，2025/10/24，2025/10/31，2025/11/9，2025/11/26，2025/12/5，2025/12/6，2026/1/1，2026/1/29,,英语,25,BV1NDerzFEoM
371,Pretty Girl,,Clairo,2025/04/20，2025/12/23,,英语,2,
372,Speak Now,,Taylor Swift,2025/04/20，2025/05/15，2025/06/23，2025/09/21,,英语,4,
373,ちゅ、多様性。,吻的多样性,Ano,2025/04/20，2026/2/2,,日语,2,BV1jkEuznE5L
374,抛物线,,蔡健雅,2025/04/21，2025/09/15，2025/10/11，2026/1/5,,华语,3,BV1ewpuzpExm
375,如果这就是爱情,,张靓颖,2025/04/21，2025/05/23，2025/06/29，2025/07/26，2025/09/28，2025/12/2，2025/12/17,,华语,7,BV1GhqjBoEMY
376,没那么简单,,黄小琥,2025/04/21，2025/05/19，2025/07/25，2025/08/07，2025/09/15，2025/09/29，2026/1/5,,华语,7,
377,Let It Go,,Idina Menzel,2025/04/22，2025/04/29，2025/05/03，2025/05/03，2025/06/03，2025/09/02，2025/10/10，2025/10/20，2025/10/31,,英语,9,
378,Mine,,Taylor Swift,2025/04/24，2025/11/9,,英语,2,
379,小酒窝,,林俊杰/蔡卓妍,2025/04/24，2025/05/12，2025/12/11，2026/1/24,,华语,4,
380,我不配,,周杰伦,2025/04/24,,华语,1,
381,后来,,刘若英,2025/04/24，2025/09/22,,华语,2,
382,时间煮雨,,郁可唯,2025/04/24，2025/05/25，2025/12/2，2025/12/31,,华语,4,BV1L5jGzJEY5
383,在加纳共和国离婚,,菲道尔/Dior大颖,2025/04/24，2025/11/9,,华语,2,
384,年少有为,,李荣浩,2025/04/24,,华语,1,
385,买买买,,By2,2025/04/25,,华语,1,
386,Say U Love Me,,南拳妈妈/JZN,2025/04/25，2025/05/15，2025/09/12，2025/09/30，2025/10/16，2025/11/13,,华语,6,
387,特务J,,蔡依林,2025/04/25，2025/05/08，2025/05/12，2025/08/26，2025/09/04，2025/09/30,,华语,6,
388,听海,,张惠妹,2025/04/25，2025/09/08，2025/09/15，2025/12/30,,华语,4,
389,Hype Boy,,NewJeans,2025/04/25,,韩语,1,
390,会呼吸的痛,,梁静茹,2025/04/25，2025/06/23，2025/12/5,,华语,3,
391,匆匆那年,,王菲,2025/04/25，2025/06/23，2025/07/13，2025/09/10,,华语,4,
392,温柔,,五月天,2025/04/25,,华语,1,
393,Stronger (What Doesn't Kill You),,Kelly Clarkson,2025/04/25,,英语,1,
394,如果你也听说,,张惠妹,2025/04/25，2025/06/19，2025/06/23，2025/08/12，2025/10/09，2025/11/3，2025/12/30，2026/1/9,,华语,8,
395,专属天使,,Tank,2025/04/25，2025/05/18,,华语,2,
396,宁夏,,梁静茹,2025/04/25，2025/07/23，2025/09/19,,华语,3,
397,说谎,,林宥嘉,2025/04/25，2025/06/23，2025/10/09，2026/1/22,,华语,4,
398,阳光宅男,,周杰伦,2025/04/26，2025/05/02，2025/07/23，2025/09/19，2025/11/21，2026/2/2,,华语,6,BV1LzU7B8EJn
399,花海,,周杰伦,2025/04/27，2025/06/02，2025/06/09，2025/07/09，2025/07/14，2025/08/26，2025/11/21，2025/12/17，2026/1/9,,华语,9,
400,Nothing's Gonna Change My Love For You,,方大同,2025/04/27，2025/05/04，2025/05/26，2025/06/08，2025/08/28，2025/10/18，2025/11/18，2025/12/24，2026/1/29,,英语,9,BV196BQBhEf1
401,As Long As You Love Me,,Backstreet Boys,2025/04/27，2025/07/11，2025/09/03,,英语,3,
402,The Day You Went Away,,M2M,2025/04/27，2025/05/29，2025/06/17，2025/07/11，2025/08/03，2025/09/22,,英语,6,
403,如果爱忘了,,戚薇,2025/04/27，2025/07/13，2025/09/12，2025/10/09，2026/1/22，2026/2/2,,华语,6,BV1K9zcBCE5z
404,오늘밤은 어둠이 무서워요,Tonight I'm Afraid of the Dark,10CM,2025/04/27，2025/05/20，2025/06/08，2025/08/18，2025/09/11,,韩语,5,
405,五月天,,S.H.E,2025/04/28，2025/05/06，2025/07/27，2025/09/17，2025/10/16，2025/11/9,,华语,6,
406,只对你有感觉,,飞轮海/田馥甄,2025/04/28，2025/11/18,,华语,2,
407,Clean,,Taylor Swift,2025/04/28，2025/05/12，2025/05/23，2025/07/20，2025/10/18，2026/1/19,,英语,6,
408,超喜欢你,,飞轮海,2025/04/28,,华语,1,
409,我看着你的时候,,李荣浩,2025/04/29，2025/05/10,,华语,2,
410,Love Yourself,,Justin Bieber,2025/04/29，2025/05/03,,英语,2,
411,可爱女人,,周杰伦,2025/05/01，2025/05/12,,华语,2,
412,Make You Feel My Love,,Adele,2025/05/01，2025/08/12，2025/08/26，2025/11/24,,英语,4,
413,放肆爱,,于贞,2025/05/02，2025/05/15，2025/06/14,,华语,3,
414,Happy,,Pharrell Williams,2025/05/03,,英语,1,
415,Almost Lover,,A Fine Frenzy,2025/05/03，2025/08/28，2025/09/11，2025/10/20，2025/12/9,,英语,5,
416,Who Says,,Selena Gomez & The Scene,2025/05/03，2025/07/18，2025/08/02，2025/10/16,,英语,4,
417,Sugar,,Maroon 5,2025/05/03，2025/06/13，2025/09/08,,英语,3,
418,Chandelier,,Sia,2025/05/03，2025/07/13，2025/10/23,,英语,3,
419,Trouble Is a Friend,,Lenka,2025/05/03,,英语,1,
420,Lemon Tree,,Fool's Garden,2025/05/03,,英语,1,
421,Creep,,Radiohead,2025/05/03，2025/10/31,,英语,2,
422,bad guy,,Billie Eilish,2025/05/03，2025/10/31，2025/12/16,,英语,3,
423,Gee,,少女时代,2025/05/08，2025/05/09,,韩语,2,
424,Lydia,,F.I.R.飞儿乐团,2025/05/08，2025/06/16，2025/06/21，2025/07/05，2025/07/14，2025/09/12，2025/11/26,,华语,7,
425,비가 오는 날엔,下雨的日子/On Rainy Days,Heize,2025/05/08，2025/10/30,,韩语,2,
426,好运来,,祖海,2025/05/09,,华语,1,
427,睫毛弯弯,,王心凌,2025/05/09，2025/05/25,,华语,2,
428,YMCA,,Village People,2025/05/09，2026/1/19,,英语,2,
429,爱的城堡,,卓文萱,2025/05/10，2025/06/20，2025/06/24，2025/07/07，2025/09/30,,华语,5,
430,The Rose,,手嶌葵,2025/05/10，2025/05/13，2025/06/22，2025/07/05，2025/12/4,,英语,5,
431,To Be Loved,,Adele,2025/05/10，2025/06/10，2025/08/03，2025/09/05,,英语,4,
432,跳楼机,,LBl利比,2025/05/12，2025/06/27，2025/07/11，2025/07/11，2025/07/13，2025/08/08，2025/09/06,,华语,7,
433,直到你降临,,阿肆,2025/05/12，2025/05/31，2025/06/05，2025/06/15，2025/06/21，2025/06/27，2025/07/23，2025/08/24，2025/09/22，2025/12/19,,华语,10,
434,Square,,白艺潾,2025/05/12，2025/08/01，2025/09/28,,英语,3,
435,一个人想着一个人,,曾沛慈,2025/05/12，2025/05/22，2025/05/25，2025/07/20，2025/09/12，2026/1/15，2026/1/24，2026/1/30,,华语,8,BV12U6zBWEfw
436,Apologize,,Timbaland/OneRepublic,2025/05/15，2025/10/31,,英语,2,
437,Baby,,Justin Bieber/Ludacris,2025/05/15，2025/09/03，2025/09/13,,英语,3,
438,失恋无罪,,A-Lin,2025/05/15，2025/06/13，2025/06/23，2025/07/18，2025/08/02，2025/09/04，2025/09/15，2025/10/03，2025/10/28，2025/11/9，2025/11/14，2025/12/5，2026/2/2,,华语,13,BV1LXE1zJEVV
439,奇妙能力歌,,陈粒,2025/05/17，2025/06/05，2025/07/07，2025/12/16,,华语,4,
440,宝贝,,张悬,2025/05/17，2025/05/31，2025/06/15，2025/07/23，2025/09/11，2026/1/1,,华语,6,
441,欧若拉,,张韶涵,2025/05/18，2025/06/27，2025/07/10,,华语,3,
442,Head Above Water,,Avril Lavigne,2025/05/18,,英语,1,
443,无与伦比的美丽,,苏打绿,2025/05/18，2025/06/13，2025/07/26,,华语,3,
444,偏偏喜欢你,,陈百强,2025/05/18，2025/09/03,,粤语,2,
445,人质,,张惠妹,2025/05/18，2025/11/28,,华语,2,
446,潜伏期,,孙盛希,2025/05/18，2025/06/07，2025/06/10，2025/06/12，2025/06/13，2025/06/17，2025/06/23，2025/07/08，2025/07/13，2025/07/20，2025/07/31，2025/09/17，2025/09/26，2025/10/07，2025/11/13，2025/12/17，2026/1/2,,华语,17,BV1vgxozAEPC
447,Lemon,,米津玄師,2025/05/18,,日语,1,
448,Mistletoe,,Justin Bieber,2025/05/19，2025/12/16，2025/12/24,,英语,3,
449,我期待,,张雨生,2025/05/19，2025/07/13，2025/08/21，2025/12/17,,华语,4,
450,Just the Way You Are,,Bruno Mars,2025/05/19,,英语,1,
451,Scarborough Fair,斯卡布罗集市,Sarah Brightman,2025/05/19，2025/07/13，2025/10/30，2025/10/31，2025/12/24，2026/1/9,,英语,5,
452,珠玉,,单依纯,2025/05/22，2025/05/31，2025/06/07，2025/06/10，2025/08/02，2025/10/07，2025/12/6,,华语,7,
453,Wildest Dreams,,Taylor Swift,2025/05/22，2025/06/17，2025/06/23，2025/07/06，2025/07/15，2025/09/10，2025/10/18，2025/11/13,,英语,8,
454,不想懂得,,张韶涵,2025/05/22，2025/09/12，2025/09/02，2025/12/5,,华语,4,
455,衝撃,,安藤裕子,2025/05/22，2025/06/13,,日语,2,
456,Sparks Fly,,Taylor Swift,2025/05/22，2025/07/21,,英语,2,
457,Dear John,,Taylor Swift,2025/05/22,,英语,1,
458,たばこ,烟草,コレサワ,2025/05/22，2025/05/25，2025/05/31，2025/06/03，2025/06/10，2025/06/13，2025/06/23，2025/07/23，2025/07/24，2025/07/27，2025/08/22，2025/09/06，2025/10/28，2025/10/30，2026/2/2,,日语,15,BV1RDMVzNEXV
459,左手指月,,萨顶顶,2025/05/22，2025/09/12，2025/10/03，2025/10/11，2026/1/15,,华语,5,
460,존재만으로,Your Existence,Wonstein,2025/05/22，2025/06/17，2025/07/21，2025/08/16，2025/10/16，2025/12/2,,韩语,6,
461,记得,,张惠妹,2025/05/23，2025/05/29，2025/09/17，2025/09/02，2025/09/26，2025/10/09，2025/10/24,,华语,7,
462,Crazier,,Taylor Swift,2025/05/23,,英语,1,
463,Yoü And I,,Lady Gaga,2025/05/23，2025/07/10，2026/1/19,,英语,3,
464,全世界的人都知道,,王俞匀,2025/05/23，2025/06/26，2025/07/21，2025/08/12，2025/09/10，2025/09/19，2025/12/9，2025/12/13,,华语,8,
465,新不了情,,万芳,2025/05/23，2025/09/21，2025/10/10,,华语,3,
466,A Thousand Years,,Christina Perri,2025/05/24，2025/07/13，2025/08/23，2025/09/29，2025/12/24，2025/12/30，2026/1/28,,英语,7,BV1AfiABTEx3
467,我愛你-上海蟹-,,カニ研究会,2025/05/25，2025/09/26,,日语,2,
468,恋爱ing,,五月天,2025/05/25，2025/06/26，2025/09/13,,华语,3,
469,学猫叫,,小潘潘/小峰峰,2025/05/25,,华语,1,
470,Cups (Pitch Perfect’s “When I’m Gone”),,Anna Kendrick,2025/05/26，2025/07/03，2025/09/15,,英语,3,
471,爱错,,王力宏,2025/05/27，2025/05/29，2025/05/30，2025/05/31，2025/06/02，2025/06/03，2025/06/06，2025/06/08，2025/06/13，2025/06/13，2025/06/26，2025/07/03，2025/07/11，2025/07/22，2025/08/21，2025/09/10，2025/09/26，2025/10/03，2025/10/11，2025/10/26，2025/11/7，2025/12/7，2025/12/23，2026/1/9，2026/1/24,,华语,25,BV1oQBjBKExX
472,决爱,,詹雯婷,2025/05/27，2026/1/1,,华语,2,
473,向日葵盛开的夏天,,F.I.R.飞儿乐团,2025/05/29，2025/09/19，2025/11/26,,华语,3,
474,Million Reasons,,Lady Gaga,2025/05/30，2025/08/21,,英语,2,
475,Like I'm Gonna Lose You,,Meghan Trainor/John Legend,2025/05/30，2025/08/23，2025/10/11,,英语,3,
476,FourFiveSeconds,,Kanye West/Paul McCartney/Rihanna,2025/05/30,,英语,1,
477,Toxic,,Britney Spears,2025/05/30，2025/07/13，2025/10/31,,英语,3,
478,Stay,,Rihanna/Mikky Ekko,2025/05/30，2025/09/03，2025/09/11，2025/09/29，2025/11/9，2026/1/1,,英语,6,
479,彩虹,,周杰伦,2025/05/30，2025/08/13，2025/08/26，2025/08/26，2025/09/20，2025/09/26，2025/11/21,,华语,7,
480,瘦子,,丁世光,2025/05/30，2025/05/31，2025/05/31，2025/06/02，2025/06/03，2025/06/05，2025/06/19，2025/06/26，2025/07/03，2025/07/14，2025/08/02，2025/08/24，2025/09/03，2025/09/18，2025/10/07，2025/11/19，2025/12/11，2026/1/10，2026/1/22,,华语,19,BV1h4yABqET3
481,Thinking Out Loud,,Ed Sheeran,2025/05/31，2025/06/02，2025/06/23，2025/09/15，2025/09/27，2025/10/17,,英语,6,
482,从前有个魔仙堡,,挽萤,2025/05/31,,华语,1,
483,月亮船,,王英姿,2025/05/31，2025/12/9,,华语,2,
484,죽을 만큼 아파서,Sick Enough to Die,MC Mong,2025/06/01，2025/11/19,,韩语,2,
485,Girlfriend,,Avril Lavigne,2025/06/01,,英语,1,
486,Sk8er Boi,,Avril Lavigne,2025/06/01，2025/11/9，2025/11/28,,英语,3,
487,我的主题曲,,江语晨,2025/06/01，2025/06/16，2025/07/21,,华语,3,
488,无限速,,本兮/阿悄,2025/06/01，2025/09/04,,华语,2,
489,Butterfly,,和田光司,2025/06/01，2025/09/03，2025/11/9,,日语,3,
490,奇迹再现,,毛华锋,2025/06/01,,华语,1,
491,鲁冰花,,曾淑勤,2025/06/01,,华语,1,
492,阳光男孩阳光女孩,,TG4,2025/06/01,,华语,1,
493,别看我只是一只羊,,杨沛宜,2025/06/01,,华语,1,
494,听妈妈的话,,周杰伦,2025/06/01,,华语,1,
496,孤勇者,,陈奕迅,2025/06/01,,华语,1,
497,猪猪侠,,陈洁丽,2025/06/01，2026/1/23，2026/2/2,,华语,3,BV1VuzuB1EQf
498,Innocence,,Avril Lavigne,2025/06/02，2025/07/03，2025/10/09，2026/1/16,,英语,4,BV1W97Sz3E5m
499,The Scientist,,Coldplay,2025/06/02,,英语,1,
500,隐形的翅膀,,张韶涵,2025/06/02，2025/07/07，2025/09/03,,华语,3,
501,勇气,,梁静茹,2025/06/02,,华语,1,
502,BB88,,方大同,2025/06/02，2025/06/07，2025/06/12，2025/06/28，2025/08/13，2025/09/11，2025/09/30，2025/11/27,,华语,8,
503,有你的快乐,,王若琳,2025/06/02，2025/10/20,,华语,2,
504,达尔文,,蔡健雅,2025/06/02，2025/11/9,,华语,2,
505,LEFT RIGHT,,XG,2025/06/03，2025/09/20，2025/09/21，2025/09/24，2025/09/29，2025/10/10,,英语,6,
506,血腥爱情故事,,张惠妹,2025/06/06，2025/07/03，2025/10/30，2025/11/7，2025/12/4，2026/1/28,,华语,6,BV1UyyaBmEkz
507,让我们荡起双桨,,,2025/06/06,,华语,1,
508,gold rush,,Taylor Swift,2025/06/07，2025/10/18,,华语,2,
509,Die with a smile,,Lady Gaga/Bruno Mars,2025/06/07，2025/11/24,,英语,2,
510,Super Shy,,NewJeans,2025/06/08，2025/06/13，2025/06/16，2025/06/28，2025/07/18，2025/07/29，2025/08/18，2025/09/03，2025/09/11，2025/09/30，2025/10/05，2025/10/30，2025/11/17，2025/12/24，2026/2/2,,韩语,15,BV1ArTRzbEkx
511,说好的幸福呢,,周杰伦,2025/06/09，2025/08/26，2025/09/17，2025/10/11,,华语,4,
512,一路向北,,周杰伦,2025/06/09，2025/09/26，2025/10/17，2025/10/25,,华语,4,
513,龙卷风,,周杰伦,2025/06/09，2025/09/21,,华语,2,
514,Wings,,Little Mix,2025/06/12，2025/10/31,,英语,2,
515,鏡面の波,,YURiKA,2025/06/12，2025/07/13，2025/07/18，2025/09/28，2025/10/20，2026/1/19,,日语,6,
516,后会无期,,G.E.M. 邓紫棋,2025/06/12，2025/06/27，2025/07/07，2026/1/1，2026/1/15,,华语,5,
517,这叫爱,,BY2,2025/06/13，2025/07/25,,华语,2,
518,爱的双重魔力,,BY2,2025/06/13，2025/07/03，2025/09/22,,华语,3,
519,兜圈,,林宥嘉,2025/06/15，2025/06/15，2025/06/16，2025/06/17，2025/06/19，2025/06/27，2025/07/03，2025/07/05，2025/07/11，2025/07/25，2025/08/01，2025/08/03，2025/08/13，2025/09/03，2025/09/12，2025/09/24，2025/10/07，2025/10/24，2025/11/13，2025/12/2，2025/12/9，2025/12/16，2025/12/26，2026/1/5，2026/1/15，2026/1/28,,华语,26,BV1dgmMBeEF4
520,APT.,,ROSÉ/Bruno Mars,2025/06/16,,英语,1,
521,背对背拥抱,,林俊杰,2025/06/16，2025/07/09，2026/1/22,,华语,3,
522,Lucky,,Jason Mraz/Colbie Caillat,2025/06/17,,英语,1,
523,If I Ain't Got You,,Alicia Keys,2025/06/17，2025/07/21，2025/10/20，2025/11/18,,英语,4,
524,Clown,,Emeli Sandé,2025/06/17，2025/09/24,,英语,2,
525,好想好想,,古巨基,2025/06/17，2025/09/12,,华语,2,
526,색안경 (STEREOTYPE),,STAYC,2025/06/19,,韩语,1,
527,猪之歌,,香香,2025/06/19，2025/09/05，2025/11/17，2026/1/9,,华语,4,
528,你瞒我瞒,,陈柏宇,2025/06/19，2025/09/02,,粤语,2,
529,Señorita,,Shawn Mendes/Camila Cabello,2025/06/19,,英语,1,
530,Tolerate It,,Taylor Swift,2025/06/19,,英语,1,
531,下等马,,ChiliChill,2025/06/19，2025/07/14，2025/07/17，2025/07/28，2025/08/03，2025/08/08，2025/08/22，2025/09/17，2025/09/26，2025/09/30，2025/10/12，2025/10/16，2025/11/7，2025/11/21，2025/12/2，2025/12/17，2026/1/1，2026/1/5，2026/1/14，2026/1/22，2026/1/24，2026/2/2,,华语,22,BV126rrBhEvE
532,李白,,李荣浩,2025/06/19，2025/06/27，2025/08/24,,华语,3,
533,北极星的眼泪,,张栋梁,2025/06/20，2025/09/12，2025/12/2,,华语,3,
534,霓虹泡泡,,吉诺儿Kino,2025/06/20，2025/07/05，2025/07/11,,华语,3,
535,你就不要想起我,,田馥甄,2025/06/20，2025/06/23，2025/09/29，2026/1/9,,华语,4,
536,踊り子,舞女,Vaundy,2025/06/20，2025/06/21，2025/07/08，2025/07/13，2025/07/18，2025/07/28，2025/08/01，2025/08/03，2025/08/04，2025/08/16，2025/09/03，2025/09/13，2025/09/19，2025/10/23，2025/10/28，2025/11/10，2025/11/13，2025/11/18，2025/12/11，2025/12/16,,日语,20,BV1MosGzFEMe
537,中国话,,S.H.E,2025/06/20,,华语,1,
538,Royals,,Lorde,2025/06/23，2025/10/23,,英语,2,
539,The One That Got Away,,Katy Perry,2025/06/23,,英语,1,
540,Photograph,,Ed Sheeran,2025/06/23,,英语,1,
541,The A Team,,Ed Sheeran,2025/06/23，2025/10/19，2026/1/19,,英语,3,
542,残酷月光,,林宥嘉,2025/06/23，2025/12/4，2025/12/5,,华语,3,
543,盛夏的果实,,莫文蔚,2025/06/23，2025/09/15，2025/09/19，2025/10/20，2025/12/5,,华语,5,
544,该死的温柔,,马天宇,2025/06/26,,华语,1,
545,新窝,,飞轮海/S.H.E,2025/06/26,,华语,1,
546,ミッドナイト・リフレクション,Midnight Reflection,NOMELON NOLEMON,2025/06/26，2025/06/27，2025/07/14，2025/07/17，2025/08/23，2025/09/21，2025/10/28，2025/11/10，2026/1/14，2026/1/22,,日语,10,
547,Because of You,,Kelly Clarkson,2025/06/26，2025/09/21，2025/10/31，2025/11/28,,英语,4,
548,百万个吻,,陈明真,2025/06/27，2025/09/08，2025/10/13，2025/10/16，2026/1/24,,华语,5,BV12MzyBAEbS
549,금요병,Friday Blues/周五病,Cream,2025/06/27，2025/07/21，2025/08/18，2025/08/21，2025/09/17，2025/09/22，2025/10/16，2025/11/26，2026/1/19,,韩语,9,
550,I Really Like You,,Carly Rae Jepsen,2025/06/27，2025/08/23,,英语,2,
551,爱的魔法,,金莎,2025/06/27,,华语,1,
552,兰亭序,,周杰伦,2025/06/27，2025/09/08,,华语,2,
553,Summertime Sadness,,Lana Del Rey,2025/06/29，2025/09/19，2025/11/22,,英语,3,
554,Close to You,,Olivia Ong,2025/06/29，2025/07/03，2025/07/14，2025/09/17，2025/11/13，2025/12/16,,英语,6,
555,vampire,,Olivia Rodrigo,2025/06/29,,英语,1,
556,Love You Like A Love Song,,Selena Gomez/The Scene,2025/06/29，2025/10/31,,英语,2,
557,Teenage Dream,,Katy Perry,2025/06/29,,英语,1,
558,Wrecking Ball,,Miley Cyrus,2025/06/29,,英语,1,
559,金缕衣,,姚贝娜,2025/06/29,,华语,1,
560,红颜劫,,姚贝娜,2025/06/29,,华语,1,
561,White Horse,,Taylor Swift,2025/06/29，2025/11/9，2025/12/5,,英语,3,
562,Treasure,,Bruno Mars,2025/06/30,,英语,1,
563,Marry You,,Bruno Mars,2025/06/30，2025/09/29,,英语,2,
564,情非得已,,庾澄庆,2025/07/03，2025/09/12,,华语,2,
565,Whataya Want from Me,,Adam Lambert,2025/07/03,,英语,1,
566,至少还有你,,林忆莲,2025/07/03，2025/07/07，2025/07/26，2025/08/28，2025/09/14，2025/10/11，2025/11/26，2025/12/9，2026/1/9，2026/1/23,,华语,11,BV1ttmJBQETy
567,Telephone,,Lady Gaga/Beyoncé,2025/07/05，2025/10/23，2026/1/19,,英语,3,
568,Super Star,,S.H.E,2025/07/06，2025/07/18，2025/12/31,,华语,3,
569,死了都要爱,,信乐团,2025/07/07,,华语,1,
570,爱的主打歌,,萧亚轩,2025/07/07，2025/11/17，2025/12/5，2025/12/16,,华语,4,
571,快乐崇拜,,潘玮柏/张韶涵,2025/07/07，2025/09/30,,华语,2,
572,樱花草,,Sweety,2025/07/07，2025/07/31，2025/09/11，2025/10/11，2025/11/7，2025/11/12，2025/12/9，2026/1/14，2026/1/30,,华语,9,BV1FCrWBiE7J
573,说爱你,,蔡依林,2025/07/07,,华语,1,
574,暗香,,沙宝亮,2025/07/07，2025/09/12,,华语,2,
575,千里之外,,周杰伦/费玉清,2025/07/07，2025/08/26,,华语,2,
576,江南,,林俊杰,2025/07/07，2025/07/21，2025/07/27，2025/08/12，2025/08/22，2025/09/06，2025/09/13，2025/12/5,,华语,8,
577,爱如火,,那艺娜,2025/07/08，2025/09/05,,华语,2,
578,我要你,,任素汐,2025/07/10,,华语,1,
579,给我一个理由忘记,,A-Lin,2025/07/11，2025/07/15，2025/07/15，2025/08/04，2025/09/28，2025/10/05，2026/1/9,,华语,7,
580,Pretty Boy,,M2M,2025/07/11，2025/09/30，2025/10/31，2025/12/4，2026/1/23,,英语,5,
581,燕尾蝶,,梁静茹,2025/07/11，2025/09/21,,华语,2,
582,浮夸,,陈奕迅,2025/07/11,,华语,1,
583,A Little Love,,冯曦妤,2025/07/13，2025/08/26，2025/12/17,,英语,3,
584,"Yes, I Do",,孙盛希,2025/07/14，2025/07/18，2025/07/28，2025/08/07，2025/08/10，2025/09/04，2025/09/18，2025/10/16，2025/10/22,,华语,9,
585,挪威的森林,,伍佰,2025/07/14，2025/09/05，2025/11/9,,华语,3,
586,Where did u go,,G.E.M. 邓紫棋,2025/07/14，2025/07/17，2025/07/18，2025/07/24，2025/07/28，2025/08/02，2025/08/03，2025/08/21，2025/09/05，2025/09/18，2025/09/30，2025/10/19，2025/11/3，2025/11/22，2026/1/5,,粤语,15,BV1JbaYzsEF3
587,飞鸟与蝉,,任然,2025/07/14,,华语,1,
588,明天，你好,,牛奶咖啡,2025/07/15,,华语,1,
589,绝不认输,,王绎龙,2025/07/15，2026/1/5，2026/1/10，2026/1/25,,华语,4,
590,讨厌,,Fine乐团,2025/07/17，2025/07/18，2025/07/24，2025/07/26，2025/07/31，2025/09/26，2025/09/29，2025/10/09，2025/12/26，2026/1/9,,华语,10,
591,Stronger Than You Response (ver. Frisk),,Rachie,2025/07/17，2025/09/06,,英语,2,
592,夏霞,,あたらよ,2025/07/17，2025/07/24，2025/07/28，2025/08/01，2025/08/04，2025/08/09，2025/08/13，2025/08/26，2025/08/29，2025/09/19，2025/09/29，2025/10/11，2025/10/22，2025/10/28，2025/11/10，2025/11/28，2025/12/16,,日语,17,BV1uhbPzSE6S
593,孤单北半球,,欧得洋,2025/07/20,,华语,1,
594,Girl on Fire,,Alicia Keys,2025/07/21,,英语,1,
595,Haunted,,Taylor Swift,2025/07/21,,英语,1,
596,The Story of Us,,Taylor Swift,2025/07/21，2025/09/08,,英语,2,
597,Better Than Revenge,,Taylor Swift,2025/07/21,,英语,1,
598,童话,,光良,2025/07/23，2025/12/12,,华语,2,
599,讨厌红楼梦,,陶喆,2025/07/24，2025/07/26，2025/07/28，2025/07/31，2025/08/04，2025/08/07，2025/08/12，2025/08/22，2025/09/17，2025/09/11，2025/10/07，2025/11/12，2026/1/14,,华语,13,
600,One Spot,,沈佳润,2025/07/26，2025/07/28，2025/08/26，2025/09/10,,韩语,4,
601,有何不可,,许嵩,2025/07/26,,华语,1,
602,找自己,,陶喆,2025/07/26，2025/09/24，2025/10/28，2025/11/12，2025/12/16，2026/1/14，2026/1/30,,华语,7,BV146rrBaERP
603,月半小夜曲,,李克勤,2025/07/26,,粤语,1,
604,Good Time,,Owl City/Carly Rae Jepsen,2025/07/26，2025/08/08,,英语,2,
605,痒,,黄龄,2025/07/28,,粤语,1,
606,恋爱告急,,鞠婧祎,2025/07/31，2025/08/01，2025/08/04，2025/08/09，2025/08/13，2025/08/21，2025/08/29，2025/09/10，2025/09/30，2025/10/30，2025/11/14，2025/12/24，2026/1/19,,华语,13,
607,小乌龟,,张栋梁,2025/07/31，2025/09/12,,华语,2,
608,Gone,,ROSÉ,2025/08/01,,英语,1,
609,Heaven,,Ailee,2025/08/02，2025/12/2,,韩语,2,
610,Blueming,,IU,2025/08/02，2025/10/12，2025/12/4，2026/1/9,,韩语,4,
611,彩色的黑,,吉克隽逸,2025/08/04，2025/08/21，2025/11/28,,华语,3,
612,Super Style,,SpeXial,2025/08/04,,华语,1,
613,恋爱困难少女,,ChiliChill,2025/08/09，2025/08/10，2025/08/13，2025/08/22，2025/08/25，2025/09/03，2025/09/05，2025/09/20，2025/09/29，2025/10/05，2025/10/22，2025/11/14，2025/12/2，2025/12/17，2026/1/14，2026/2/2,,华语,16,BV1u4bwzyEez
614,原创曲（未命名）,,三理Mit3uri,2025/08/09,三理第一首原创曲,华语,1,
615,生日快乐歌,,格格,2025/08/09,,华语,1,
616,From the Start,,Laufey,2025/08/12，2025/09/05，2025/09/05，2025/09/17，2025/09/24，2025/09/28，2025/10/01，2025/10/10，2025/10/17，2025/10/23，2025/11/26，2025/12/30，2026/1/10,,华语,13,BV1RUSTBiEa5
617,天后,,陈势安,2025/08/21，2026/1/16，2026/2/2,,华语,3,
618,凉凉,,张碧晨/杨宗纬,2025/08/22，2025/09/12,,华语,2,
619,だんご大家族,团子大家族,茶太,2025/08/23，2025/09/06,,日语,2,
620,反方向的钟,,周杰伦,2025/08/24，2025/09/20，2025/10/07，2025/11/9，2025/11/21,,华语,5,
621,舞娘,,蔡依林,2025/08/26,,华语,1,
622,美女主播,,枫子/叶子,2025/08/26，2025/08/16，2025/11/13，2025/12/9，2026/1/29,,华语,5,BV1LYvKzmEyV
623,Melody,,陶喆,2025/08/29，2025/09/08，2025/11/24,,华语,3,
624,Sorry,,Justin Bieber,2025/09/03,,英语,1,
625,One Time,,Justin Bieber,2025/09/03,,英语,1,
626,客官不可以,,徐良/小凌,2025/09/04,,华语,1,
627,Last dance,,伍佰,2025/09/05,,华语,1,
628,Hide and Seek,,Lizz Robinett,2025/09/06，2025/10/31,,英语,2,
629,青春修炼手册,,TFBoys,2025/09/10，2026/1/28,,华语,2,BV17HHQz1EZE
630,你不知道的事,,王力宏,2025/09/10，2025/09/22，2025/09/24，2025/10/23，2025/12/6，2026/1/24，2026/2/5,,华语,7,BV1aXvxB1EWN
631,牵丝戏,,银临/Aki阿杰,2025/09/10，2025/09/13，2025/09/29，2025/10/10，2025/10/17，2025/11/27，2025/12/19，2026/1/16,,华语,8,BV13YS7BtEU1
632,通天大道宽又阔,,崔京浩/三叶草演唱组,2025/09/12,,华语,1,
633,当,,动力火车,2025/09/12,,华语,1,
634,情深深雨濛濛,,赵薇,2025/09/12,,华语,1,
635,黄种人,,谢霆锋,2025/09/12,,华语,1,
636,终极一班,,Tank,2025/09/12,,华语,1,
637,天下无双,,张靓颖,2025/09/12,,华语,1,
638,我们的纪念,,李雅微,2025/09/12,,华语,1,
639,出神入化,,飞轮海,2025/09/12,,华语,1,
640,我的快乐,,锦绣二重唱,2025/09/12，2025/10/17,,华语,2,
641,生生世世爱,,吴雨霏,2025/09/12,,华语,1,
642,此生不换,,青鸟飞鱼,2025/09/12,,华语,1,
643,爱的供养,,杨幂,2025/09/12，2025/09/27,,华语,2,
644,无法原谅,,李佳璐,2025/09/12,,华语,1,
645,想见你想见你想见你,,831,2025/09/12,,华语,1,
646,旅行的意义,,陈绮贞,2025/09/13，2025/09/13，2025/09/13，2025/09/17，2025/09/18，2025/09/20，2025/09/21，2025/09/24，2025/09/29，2025/10/10，2025/10/13，2025/10/22，2025/10/30，2025/11/3，2025/11/13，2025/11/24，2025/12/5，2025/12/12，2025/12/17，2026/1/6，2026/1/15，2026/1/24,,华语,22,BV1p2p9zcELR
647,东风破,,周杰伦,2025/09/17,,华语,1,
648,Golden,,Ejae/Audrey Nuna/Rei Ami/ HUNTR/X /KPop Demon Hunters Cast,2025/09/17，2025/09/15，2025/09/22，2025/09/29，2025/09/29，2025/10/10，2025/10/28，2025/12/2，2026/1/5,,英语,9,
649,黑色幽默,,周杰伦,2025/09/17，2025/10/11，2025/10/13，2025/10/20，2025/10/25，2025/11/21，2025/12/17,,华语,7,
650,我最亲爱的,,张惠妹,2025/09/02,,华语,1,
651,宠爱,,TFBoys,2025/09/02，2025/09/22,,华语,2,
652,慢慢喜欢你,,莫文蔚,2025/09/15，2025/10/19，2025/10/20，2025/10/26，2025/11/14，2026/1/15，2026/1/23,,华语,7,
653,萱草花,,张小斐,2025/09/15,,华语,1,
654,How long will I Love you,,Ellie Goulding,2025/09/15,,英语,1,
655,Price Tag,,Jessie J,2025/09/18,,英语,1,
656,Virtual To Live,,VirtuaReal,2025/09/19，2025/09/26，2025/10/16，2025/11/26,,华语,4,
657,Yellow,,Coldplay,2025/09/19,,英语,1,
658,热爱105度的你,,阿肆,2025/09/19，2025/09/30,,华语,2,
659,Firework,,Katy Perry,2025/09/19,,英语,1,
660,夏天,,李玖哲,2025/09/20，2025/09/21，2025/09/22，2025/09/24，2025/09/27，2025/10/05，2025/10/12，2025/10/22，2025/12/6，2025/12/12，2026/1/19,,华语,11,BV19wxTzsEnU
661,爱情讯息,,郭静,2025/09/21，2025/09/21，2025/09/22，2025/09/22，2025/09/24，2025/09/27，2025/09/29，2025/10/03，2025/10/05，2025/10/09，2025/10/18，2025/10/22，2025/10/26，2025/11/9，2025/11/19，2025/11/22，2025/11/28，2025/12/22，2026/1/5，2026/1/14，2026/1/22,,华语,21,BV1UAnwzQE3E
662,富士山下,,陈奕迅,2025/09/22，2025/10/09，2025/12/5，2026/1/25,,粤语,4,BV1t3zxBEEZr
663,Rise,,The Glitch Mob / Mako / The Word Alive,2025/09/22,,英语,1,
664,Free Loop,,Daniel Powter,2025/09/22,,英语,1,
665,天外来物,,薛之谦,2025/09/22,,华语,1,
666,Pompeii,,Bastille,2025/09/22,,英语,1,
667,New Year's Day,,Taylor Swift,2025/09/22，2025/10/09，2025/12/5,,英语,3,
668,天下有情人,,周华健,2025/09/24,,粤语,1,
669,烟霞,,容祖儿,2025/09/24，2025/09/29，2025/10/13，2025/10/17，2025/10/19，2025/10/20，2025/10/25，2025/10/28，2025/11/7，2025/11/26，2025/12/6，2025/12/12，2025/12/24，2026/1/5，2026/1/19,,粤语,15,BV1V6BQBhEMS
670,青花瓷,,周杰伦,2025/09/24，2025/09/26,,华语,2,
671,What a wonderful world,,Louis Armstrong,2025/09/24,,英语,1,
672,别问很可怕,,J.Sheon,2025/09/24，2025/09/26，2025/09/28，2025/09/29，2025/10/01，2025/10/07，2025/10/10，2025/10/11，2025/10/17，2025/10/23，2025/10/28，2025/12/26，2026/2/5,,华语,13,BV1szBrBHEVt
673,小美满,,周深,2025/09/26，2025/12/12,,华语,2,
674,美丽的神话,,成龙/金喜善,2025/09/26，2025/11/18，2026/1/9,,华语,3,
675,California dreamin’,,The Mamas & The Papas,2025/09/27,,英语,1,
676,Castle on the Hill,,Ed Sheeran,2025/09/27,,英语,1,
677,喜欢寂寞,,苏打绿,2025/09/28,,华语,1,
678,"Read All About It, Pt. III",,Emeli Sandé,2025/09/28,,英语,1,
679,我的悲伤是水做的,,ChiliChill/洛天依,2025/09/29，2025/09/30，2025/10/05，2025/10/07，2025/10/11，2025/10/16，2025/10/19，2025/10/22，2025/10/25，2025/11/19，2025/12/2，2025/12/11，2026/1/9，2026/1/14,,华语,14,BV126rrBhEun
680,迷迭香,,周杰伦,2025/09/29，2025/10/07，2025/10/10，2025/10/13，2025/10/17，2025/10/22，2025/10/25，2025/11/21，2025/12/6，2026/1/15，2026/1/19,,华语,11,BV1z8U7BiEjg
681,Need you now,,Lady A,2025/09/30,,华语,1,
682,Dream a little dream of me,,Louis Armstrong / Ella Fitzgerald,2025/09/30，2025/10/01，2025/10/11，2025/10/17，2025/10/26,,华语,5,
683,Hurt,,NewJeans,2025/09/30，2025/10/16,,韩语,2,
684,Sweater Weather,,The Neighbourhood,2025/10/01,,英语,1,
685,Bad Liar,,Selena Gomez,2025/10/01,,英语,1,
686,不值得,,梦飞船,2025/10/01，2025/10/07，2025/10/10，2025/10/13，2025/10/17，2025/10/20，2025/11/3，2025/11/27,,华语,8,BV1p61rBKESr
687,伤不起,,王麟,2025/10/03,,华语,1,
688,水调歌头,,苏轼 / 多版本演唱,2025/10/05,,华语,1,
689,月亮代表我的心,,邓丽君,2025/10/05,,华语,1,
690,一笑倾城,,汪苏泷,2025/10/07，2025/10/12，2025/10/22,,华语,3,
691,Be what you wanna be,,Darin,2025/10/09，2025/11/17,,英语,2,
692,君がすきだと叫びたい,好想大声说爱你,BAAD,2025/10/09，2025/11/9，2025/11/14,,日语,3,
693,Demons,,Imagine Dragons,2025/10/11，2025/11/28,,英语,2,
694,老公天下第一,,叶洛洛,2025/10/13,,华语,1,
695,赤伶,,HITA,2025/10/13,,华语,1,
696,打上花火,,DAOKO × 米津玄師,2025/10/13，2025/10/18,,日语,2,
697,土星环,,陈奕迅,2025/10/17，2025/10/18，2025/10/23，2025/12/30，2026/1/12,,华语,5,
698,不要说话,,陈奕迅,2025/10/17，2025/10/18，2025/10/23，2025/10/28，2025/12/5，2025/12/12，2025/12/30,,华语,7,
699,红颜如霜,,周杰伦,2025/10/17，2025/10/24，2025/10/30，2025/11/14，2025/11/28，2025/12/12，2025/12/26，2026/1/29,,华语,8,
700,Cold As You,,Taylor Swift,2025/10/18,,英语,1,
701,Shake It Off,,Taylor Swift,2025/10/18,,英语,1,
702,End Game,,Taylor Swift ft. Ed Sheeran & Future,2025/10/18,,英语,1,
703,Window,,Galdive,2025/10/19，2025/10/20，2025/11/18，2025/12/16，2026/1/10,,英语,5,
704,Santa Tell Me,,Ariana Grande,2025/10/23,,英语,1,
705,One Last Time,,Ariana Grande,2025/10/23,,英语,1,
706,Love Me Harder,,Ariana Grande & The Weeknd,2025/10/23，2025/10/25，2025/12/12，2026/1/19,,英语,4,
707,The Way,,Ariana Grande ft. Mac Miller,2025/10/23,,英语,1,
708,Bang Bang,,"Jessie J, Ariana Grande & Nicki Minaj",2025/10/23,,英语,1,
709,Merry Go 'Round,,Kacey Musgraves,2025/10/23,,英语,1,
710,Tears Always Win,,Alicia Keys,2025/10/23,,英语,1,
711,NO,,Meghan Trainor,2025/10/23，2025/10/28，2025/12/12,,英语,3,
712,"Eh, Eh (Nothing Else I Can Say)",,Lady Gaga,2025/10/23,,英语,1,
713,Let you down,,NF,2025/10/23，2025/10/28,,英语,2,
714,See you again,,Wiz Khalifa ft. Charlie Puth,2025/10/23,,英语,1,
715,California Dreamin',,The Mamas & The Papas,2025/10/24,,英语,1,
716,大哥,,郑智化,2025/10/24，2025/10/25，2025/10/28，2025/11/12，2025/11/26，2026/1/2，2026/1/5，2026/1/9,,华语,8,BV1TBihBsEo5
717,梦的光点,,S.H.E,2025/10/24,,华语,1,
718,幽ノ楽園,幽幽乐园,Albemuth ,2025/10/25，2025/12/2,,日语,2,
719,晚婚,,江蕙,2025/10/28，2025/11/12，2025/12/19,,华语,3,
720,Unstoppable,,Sia,2025/10/30,,英语,1,
721,the cutest pair,,Regina Song,2025/10/30，2025/11/3，2025/11/7，2025/11/13，2025/11/22，2025/12/5，2026/1/2,,英语,7,BV1tJ1vBxEFQ
722,We Are Never Ever Getting Back Together,,Taylor Swift,2025/10/31，2025/11/12,,英语,2,
723,雨天,,孙燕姿,2025/11/3,,华语,1,
724,ミラーチューン,Mirror Tune,ずっと真夜中でいいのに。,2025/11/3,,日语,1,
725,God Is a Girl,,Groove Coverage,2025/11/9,,英语,1,
726,给未来的自己,,梁静茹,2025/11/9,,华语,1,
727,夜车,,曾轶可,2025/11/9,,华语,1,
728,All About U,,G.E.M. 邓紫棋,2025/11/9，2026/1/14,,粤语,2,
729,Love Fool,,EXO,2025/11/9,,韩语,1,
730,Try,,Colbie Caillat,2025/11/9，2025/11/14,,英语,2,
731,Tabacco,,로쿠,2025/11/10，2025/11/19，2026/1/5,,韩语,3,
732,밤편지,夜信,IU,2025/11/12，2025/11/14，2025/11/24，2025/12/6，2025/12/12，2025/12/26，2026/1/5，2026/1/30,,韩语,8,BV1i1C3BYEKh
733,雪落下的声音,,陆虎,2025/11/14，2025/12/26,,华语,2,
734,唯一,,G.E.M. 邓紫棋,2025/11/14,,华语,1,
735,绿色,,陈雪凝,2025/11/14，2025/12/11,,华语,2,
736,Bright,,Echosmith,2025/11/14,,英语,1,
737,Despacito,,Luis Fonsi,2025/11/18，2025/11/26,,,2,
738,FEARLESS,,LE SSERAFIM,2025/11/18,,韩语,1,
739,Cake by the Ocean,,DNCE,2025/11/18,,英语,1,
740,Frankenstein,,Claire Rosinkranz,2025/11/19，2025/12/26,,英语,2,
741,All I Want For Christmas Is You,,Mariah Carey,2025/11/24，2025/12/24,,英语,2,
742,麦乐鸡(Melody),,陶喆,2025/11/24,,华语,1,
743,哈雪大冒险,,曼波,2025/11/24,,华语,1,
744,Desperado,,Eagles,2025/11/24,,英语,1,
745,My heart will go on,,Céline Dion,2025/11/26,,英语,1,
746,잘자요 아가씨,晚安大小姐,ASMRZ,2025/11/26,,韩语,1,
747,恋人,,李荣浩,2025/11/27，2025/11/27，2025/11/28，2025/12/6，2025/12/13，2026/1/10，2026/1/24,,华语,7,BV181SyBPERE
748,我不难过,,孙燕姿,2025/11/28,,华语,1,
749,泪桥,,伍佰,2025/11/28,,华语,1,
750,千千阙歌,,陈慧娴,2025/11/28,,华语,1,
751,九张机,,叶炫清,2025/11/28,,华语,1,
752,Hey Jude,,The Beatles,2025/12/2,,英语,1,
753,Loves Me Not,,t.A.T.u.,2025/12/4,,英语,1,
754,不怕不怕,,美美jocie,2025/12/4,,华语,1,
755,卜卦,,崔子格,2025/12/5,,华语,1,
756,届かない恋,无法传达的恋爱,上原玲奈,2025/12/9，2026/2/2,,日语,2,
757,听见,,方雅贤,2025/12/9，2025/12/17，2026/1/14，2026/1/23，2026/2/5,,华语,5,BV1cWmnB5Etm
758,神探,,丁世光,2025/12/11，2025/12/12，2025/12/17，2026/1/2，2026/1/5，2026/1/11，2026/1/17，2026/1/29,,华语,8,BV1FekxB5Etj
759,我的天坑,,南征北战NZBZ,2025/12/12,,华语,1,
760,同桌的你,,老狼,2025/12/12,,华语,1,
761,北京东路的日子,,群星,2025/12/12,,华语,1,
762,倔强,,五月天,2025/12/12,,华语,1,
763,Brand new me,,Alicia Keys,2025/12/12,,英语,1,
764,太难唱了,,彭佳慧,2025/12/16,,华语,1,
765,他一定很爱你,,阿杜,2025/12/17,,华语,1,
766,Please Please Please,,Sabrina Carpenter,2025/12/19，2025/12/24，2025/12/26，2026/1/2，2026/1/9，2026/1/23，2026/1/29,,英语,7,BV1K8isBiExx
767,流浪者之歌,,F.I.R.飞儿乐团,2025/12/19,,华语,1,
768,气球,,许哲珮,2025/12/19,,华语,1,
769,一样的月光,,徐佳莹,2025/12/19，2025/12/23，2025/12/26，2026/1/2，2026/1/5，2026/1/11，2026/1/25,,华语,7,BV1oKiwBXE1L
770,BIRDS OF A FEATHER,,Billie Eilish,2025/12/24，2025/12/24，2025/12/26，2026/1/2，2026/1/10,,英语,5,BV1GiicB5EFK
771,Catch Me If You Can,,鸣潮先约电台,2025/12/26，2026/1/5，2026/1/19，2026/1/21，2026/1/22，2026/1/24,,英语,6,BV1pfzcBgERV
772,11,,队长/黄礼格,2025/12/26，2026/1/19,,华语,2,
773,鱼仔,,卢广仲,2025/12/26，2026/1/10，2026/1/22，2026/1/23，2026/1/31,,华语,5,BV1mNBfBBEkr
774,Always Online,,林俊杰,2025/12/30,,华语,1,
775,如愿,,王菲,2026/1/5,,华语,1,
776,NOT CUTE ANYMORE,,ILLIT,2025/12/27，2026/1/5，2026/1/6，2026/1/14，2026/1/23,,韩语,5,BV1NrqABkEk4
777,莫名其妙爱上你,,朱主爱,2026/1/14,,华语,1,BV1c6rWBBEyT
778,三理之歌,,库里之歌,2026/1/15，2026/1/29,,华语,2,BV1kwkFBgEVE
779,坏女孩,,徐良,2026/1/19,,华语,1,
780,分手快乐,,梁静茹,2026/1/21,,华语,1,
781,我只在乎你,,邓丽君,2026/1/23,,华语,1,
782,死别,,シャノン,2026/1/23，2026/1/25，2026/2/5,,日语,3,
783,情歌,,梁静茹,2026/1/23,,华语,1,
784,几分之几,,卢广仲,2026/1/24，2026/1/25，2026/1/26，2026/2/2,,华语,4,BV1sEzxBCEua
785,爱不单行,,罗志祥,2026/1/24,,华语,1,
786,STAR WALKIN',逐星,Lil Nas X,2026/1/25,,英语,1,
787,阳光彩虹小白马,,大张伟,2026/1/25,,华语,1,
788,Lulala! Lululala!,,鸣潮先约电台,2026/1/25，2026/1/30，2026/2/2,,英语,3,BV1Dv6qBsEXr
,爱要坦荡荡(R&B版),,顾叮当,2026/1/29,,华语,1,BV1Xx6cBRE14
,Long Live,,Taylor Swift,2026/1/30,,英语,1,
,身不由己,,大都会乐团,2026/2/2，2026/2/5,,华语,2,BV1fxFMzqEDd
